{"type": "FeatureCollection", "features": [{"type": "Feature", "properties": {"name": "Belg rainfall areas (EMI definition: FMAM >=20% of annual and >=100 mm)", "season": "FMAM", "method": "share", "cells": 1069, "area_km2": 806266, "pct_eth": 71.4, "ref_years": "1993-2025"}, "geometry": {"type": "MultiPolygon", "coordinates": [[[[37.722584521039224, 3.9099686847599164], [37.727144960818535, 3.9044925010225424], [37.943628453000144, 3.763942668000027], [37.989384206000125, 3.734236183000121], [37.998050000000035, 3.728610000000117], [38.026023561000045, 3.7045775960000924], [38.03361000000007, 3.698060000000112], [38.04007713000016, 3.6848038210001164], [38.0561100000001, 3.6519400000001383], [38.12111000000016, 3.6116700000000606], [38.280926186000045, 3.6094789020001485], [38.297984919000044, 3.609245025000064], [38.29803837100002, 3.609244292000085], [38.32234968300003, 3.608910981000122], [38.32388000000009, 3.6088900000000876], [38.33230789600003, 3.608248592000166], [38.43657600200015, 3.6003132320001328], [38.448050000000194, 3.599440000000129], [38.516940000000034, 3.6269399999999905], [38.580228120000186, 3.6117086590001577], [38.59335821900004, 3.608548682000105], [38.621940000000166, 3.6016700000001265], [38.72944000000018, 3.5672200000000203], [38.74775306300006, 3.561789276000127], [38.756302198000185, 3.5592540380001196], [38.76167255200011, 3.5576614639999775], [38.77509426400019, 3.553681266000183], [38.810000000000116, 3.5433300000000827], [38.90742454600013, 3.5156475500000965], [38.913610000000176, 3.513890000000117], [38.95638000000014, 3.5186100000000806], [38.96070974600008, 3.519106041000157], [39.00969978200004, 3.524718630000109], [39.02177182100013, 3.526101674000131], [39.03334472200015, 3.5274275340000827], [39.03875318800016, 3.5280471600000283], [39.045760263000034, 3.5288499320001847], [39.04611000000011, 3.5288900000001036], [39.08472000000012, 3.5344400000001315], [39.09058702500016, 3.5313808020001147], [39.091117958000154, 3.531103962000145], [39.09192439500015, 3.530683468000177], [39.10323938700003, 3.5247835790000863], [39.13000000000011, 3.5108300000001122], [39.152409007240756, 3.500043949607329], [39.15797161936561, 3.500052869796726], [39.1825959933222, 3.5000923723661606], [39.2072203672788, 3.500131889935693], [39.23184474123539, 3.5001714225138683], [39.25646911519199, 3.500210970109239], [39.28109348914858, 3.500250532730364], [39.30571786310517, 3.5002901103858077], [39.33034223706177, 3.5003297030841414], [39.35496661101836, 3.500369310833943], [39.37959098497496, 3.5008806839001814], [39.40421535893155, 3.5034887444616283], [39.42883973288815, 3.506162869569281], [39.45346410684474, 3.5089056016365294], [39.47808848080133, 3.51171961522755], [39.50271285475793, 3.514607725756596], [39.52661120528299, 3.517484342379958], [39.52733722871452, 3.517572898883651], [39.55196160267113, 3.5206182606723533], [39.57658597662771, 3.5237471085833385], [39.60121035058431, 3.5269629233842634], [39.6258347245409, 3.530635341651945], [39.62774118903304, 3.531786579305174], [39.71641582600006, 3.6156022670000993], [39.78278000000017, 3.6783300000001304], [39.80539066700004, 3.729845553000075], [39.81304742000003, 3.74729049900003], [39.824364661000175, 3.7730754050000996], [39.866660000000024, 3.869440000000054], [39.88622861500005, 3.8781192250000913], [39.93345827500008, 3.8990668940000432], [39.961042841000165, 3.911301963000085], [39.97099224900006, 3.91571465800007], [39.982768864000036, 3.920937512000023], [40.0, 3.9285800000001814], [40.18250000000006, 4.022500000000093], [40.388610000000085, 4.09889000000004], [40.39354322600008, 4.110488839000027], [40.398890000000165, 4.1230600000000095], [40.513807683000095, 4.167436986000098], [40.583315825379394, 4.194278475648206], [40.58618530884807, 4.1962749586345645], [40.598885420352545, 4.204331941544885], [40.61080968280467, 4.211457794455566], [40.63543405676127, 4.219432897142607], [40.64845517247316, 4.219432897142607], [40.672220000000095, 4.228610000000174], [40.682561763000194, 4.234114173000023], [40.77110422300018, 4.281238923000046], [40.773384137000164, 4.282452356000022], [40.77434162900016, 4.281498134000117], [40.774921417000144, 4.281918049000126], [40.77838897700019, 4.280996800000025], [40.78464126600011, 4.273006916000099], [40.80250930800008, 4.262080193000088], [40.81384277400008, 4.255150794999963], [40.83068847700008, 4.248429775000034], [40.836965142999986, 4.247413371000164], [40.844100952000076, 4.246257782000043], [40.84879373800004, 4.2383928820001415], [40.85576629700006, 4.226706981000007], [40.87017554900018, 4.221903534000035], [40.87321853700007, 4.220889092000107], [40.87853387841127, 4.216218805393445], [40.88167779632721, 4.215748385183811], [40.9011373894749, 4.204331941544885], [40.90630217028381, 4.201118949116517], [40.9309265442404, 4.184609402207772], [40.9375480043395, 4.179801670146138], [40.95555091819699, 4.165832420494492], [40.96805876353132, 4.155271398747391], [40.98017529215359, 4.144286444637324], [40.99399618446745, 4.130741127348643], [41.00479966611018, 4.119601745599052], [41.018325990838704, 4.106210855949896], [41.029424040066786, 4.096088068560764], [41.04655694993945, 4.081680584551148], [41.05404841402337, 4.075801049325482], [41.07867278797997, 4.058051248401618], [41.08001056036694, 4.057150313152401], [41.10329716193656, 4.042390698559243], [41.1219421892604, 4.0326200417536535], [41.12792153589315, 4.029646108421502], [41.15254590984975, 4.026368454302858], [41.17717028380635, 4.023179965155921], [41.20179465776294, 4.020077051354276], [41.22641903171953, 4.017056313402865], [41.25104340567613, 4.014114529514161], [41.27566777963272, 4.011248644145963], [41.30029215358931, 4.008455757415064], [41.30356615597891, 4.008089770354906], [41.32491652754591, 4.005733115309698], [41.34954090150251, 4.003078100631333], [41.3741652754591, 4.000488224603155], [41.39878964941569, 4.000401545197714], [41.42341402337229, 4.000401545197714], [41.44803839732888, 4.000401545197714], [41.47266277128548, 4.000401545197714], [41.49728714524207, 4.000401545197714], [41.52191151919867, 4.000401545197714], [41.54653589315526, 4.000401545197714], [41.57116026711185, 4.000401545197714], [41.59578464106845, 4.000401545197714], [41.62040901502505, 4.000401545197714], [41.64503338898164, 4.0025019394731505], [41.66965776293823, 4.005142392126604], [41.69428213689483, 4.0078499130827385], [41.69643384402109, 4.008089770354906], [41.71890651085142, 4.010627090545148], [41.74353088480801, 4.0134766476264785], [41.76815525876461, 4.016401451254586], [41.7927796327212, 4.019404521793668], [41.8174040066778, 4.022489043448253], [41.84202838063439, 4.0256583755253725], [41.86665275459099, 4.028916064638661], [41.87574594570472, 4.0326200417536535], [41.89127712854758, 4.039221575982758], [41.91590150250416, 4.054539082023598], [41.919815514052324, 4.057150313152401], [41.94052587646077, 4.071879664156154], [41.95313979549351, 4.081680584551148], [41.96515025041736, 4.091672461835472], [41.98126161596092, 4.106210855949896], [41.98977462437396, 4.114601312930525], [42.00549736524374, 4.130741127348643], [42.01439899833055, 4.13962912859327], [42.03133451418191, 4.155271398747391], [42.03902337228715, 4.161876915784256], [42.061727321215294, 4.179801670146138], [42.06364774624374, 4.181218827679885], [42.08827212020033, 4.198189285355231], [42.0979971755506, 4.204331941544885], [42.11289649415693, 4.2131992319624], [42.137520868113526, 4.221642463114557], [42.162145242070125, 4.2248849184025845], [42.1867696160267, 4.228039631513277], [42.19330176993265, 4.228862212943633], [42.21139398998331, 4.2311101164112275], [42.2360183639399, 4.234099701893086], [42.26064273789649, 4.237011543625728], [42.28526711185309, 4.23984863525732], [42.309891485809686, 4.242613818683533], [42.33451585976628, 4.24530979354291], [42.35914023372287, 4.247939126008081], [42.38376460767947, 4.249629454921751], [42.40838898163606, 4.249716557838297], [42.43301335559266, 4.249803671587083], [42.45763772954925, 4.24989079617013], [42.482262103505846, 4.249977931589459], [42.50688647746244, 4.2500650778470925], [42.53151085141903, 4.250152234945052], [42.55613522537562, 4.25023940288536], [42.57855998803076, 4.25031879428668], [42.62229000000008, 4.260420000000124], [42.65611000000007, 4.264720000000125], [42.726530000000025, 4.271190000000047], [42.74083000000013, 4.272780000000125], [42.76861000000008, 4.278330000000153], [42.773574040000085, 4.279664293000167], [42.80404961100004, 4.28785587100009], [42.82252735800006, 4.292822535000141], [42.831670000000145, 4.295279999999991], [42.85569000000004, 4.304720000000032], [42.87666000000013, 4.31833000000006], [42.91999000000004, 4.3640300000001275], [42.930016069000146, 4.382227095000076], [42.933610000000044, 4.3887500000001864], [42.94652000000008, 4.44611000000009], [42.95722000000006, 4.481110000000058], [42.96888000000007, 4.504310000000089], [42.98569000000009, 4.525420000000054], [43.01491642960916, 4.549611892316321], [43.021733684550824, 4.572286012526096], [43.02399833055092, 4.579818201959838], [43.029109014326195, 4.596816283924843], [43.03648434410157, 4.621346555323591], [43.04862270450751, 4.638891744644434], [43.05379993321644, 4.645876826722338], [43.07324707846411, 4.667517040229361], [43.07608184594067, 4.6704070981210855], [43.097871452420705, 4.690719927296231], [43.10285105383563, 4.694937369519833], [43.122495826377296, 4.710263344685167], [43.14712020033389, 4.716014695215791], [43.16717054293465, 4.71946764091858], [43.171744574290486, 4.72024070204286], [43.196368948247084, 4.7243123848108315], [43.22099332220367, 4.728238045279181], [43.24561769616027, 4.732025400246449], [43.270242070116865, 4.735681632180469], [43.294866444073456, 4.739213434679423], [43.30476788645881, 4.740586048206224], [43.32166000000012, 4.748610000000042], [43.358204501000046, 4.76497306300007], [43.35889000000003, 4.765280000000132], [43.37536834100018, 4.772406513000135], [43.38969655500017, 4.778603145000034], [43.41666782400006, 4.790267614000129], [43.4905500000001, 4.822220000000129], [43.505815417000065, 4.828205973000081], [43.50854576000012, 4.829276613000047], [43.51273194200013, 4.82118015500015], [43.53971904400015, 4.789742177999983], [43.71831920907286, 4.844565029844011], [43.738105175292155, 4.862822038024874], [43.74193956643285, 4.866649269311065], [43.762729549248746, 4.8879123766857635], [43.76600294140357, 4.891179540709812], [43.787353923205345, 4.9104673006931945], [43.79364419152397, 4.91570981210856], [43.811978297161936, 4.929987698877397], [43.82634916988495, 4.940240083507307], [43.83660267111853, 4.947104770534786], [43.861227045075125, 4.962236619221978], [43.86783578654567, 4.9647703549060545], [43.88585141903172, 4.971419368264469], [43.910475792988315, 4.974667904233609], [43.935100166944906, 4.977828452768616], [43.959724540901504, 4.980904540848427], [43.984348914858096, 4.983899509432105], [44.00897328881469, 4.986816525563065], [44.03046092558532, 4.989300626304802], [44.033597662771285, 4.989658593540297], [44.058222036727884, 4.99242856523943], [44.08284641068447, 4.995129149658175], [44.107470784641066, 4.99776292175331], [44.132095158597664, 4.999609872279741], [44.156719532554256, 4.999649487941381], [44.18134390651085, 4.9996890885470435], [44.205968280467445, 4.9997286741053095], [44.23059265442404, 4.999768244624754], [44.255217028380635, 4.9998078001139445], [44.279841402337226, 4.999847340581445], [44.304465776293824, 4.9998868660358085], [44.329090150250416, 4.999926376485584], [44.35371452420701, 4.999965871939317], [44.378338898163605, 5.0], [44.4029632721202, 5.0], [44.427587646076795, 5.0], [44.452212020033386, 5.0], [44.476836393989984, 5.0], [44.501460767946575, 5.0], [44.526085141903174, 5.0], [44.550709515859765, 5.0], [44.57533388981636, 5.0], [44.599958263772955, 5.0], [44.624582637729546, 5.0], [44.649207011686144, 5.000038813178202], [44.673831385642735, 5.0000783104106805], [44.698455759599334, 5.000117822640215], [44.723080133555925, 5.0001573498753515], [44.74770450751252, 5.000196892124638], [44.772328881469114, 5.000236449396632], [44.796953255425706, 5.000276021699895], [44.821577629382304, 5.000315609042997], [44.846202003338895, 5.000355211434513], [44.870826377295494, 5.000394828883025], [44.895450751252085, 5.002553111893802], [44.92007512520868, 5.005203571627027], [44.944699499165274, 5.007921727669241], [44.969323873121866, 5.010710207152963], [44.993948247078464, 5.013571774929235], [44.99614663176023, 5.013830897703549], [45.018572621035055, 5.016509342711732], [45.043196994991646, 5.019525978959268], [45.06135805400828, 5.021811521055425], [45.07551455100014, 5.037481979000063], [45.09611000000007, 5.0602799999999775], [45.37179705200015, 5.3610043010001505], [45.374470000000144, 5.363920000000064], [45.37922693899998, 5.369128503000184], [45.4894000000001, 5.489760000000047], [45.499811331545445, 5.501160421798412], [45.500579291858514, 5.504436325678498], [45.50632983689789, 5.528966597077245], [45.511060100166944, 5.549144663203318], [45.51208036908717, 5.5534968684759916], [45.51783088842639, 5.57802713987474], [45.523581394915595, 5.602557411273486], [45.529554448552744, 5.627087682672234], [45.53568447412354, 5.6442113248494445], [45.538507561211404, 5.651617954070981], [45.548699864573614, 5.676148225469729], [45.56030884808013, 5.700485487782658], [45.56040775938528, 5.700678496868476], [45.5739964503073, 5.7252087682672235], [45.584933222036724, 5.7424520723420684], [45.58995872513735, 5.749739039665972], [45.6089759997517, 5.774269311064718], [45.60955759599332, 5.774952164959131], [45.63169219639304, 5.798799582463466], [45.634181969949914, 5.801344227167146], [45.65437076220209, 5.823329853862212], [45.65880634390651, 5.828372933440736], [45.67530929331199, 5.8478601252609606], [45.683430717863104, 5.857891945393499], [45.69474772286485, 5.872390396659707], [45.69544903582084, 5.896920668058455], [45.69342152781923, 5.921450939457203], [45.69027334860763, 5.94598121085595], [45.684720493698435, 5.970511482254698], [45.683430717863104, 5.974385830766789], [45.672305406591015, 5.995041753653445], [45.65880634390651, 6.006690192096056], [45.634181969949914, 6.016469709589395], [45.6278364903929, 6.019572025052192], [45.60955759599332, 6.027024905854074], [45.584933222036724, 6.038659020844153], [45.571788853219914, 6.044102296450939], [45.56030884808013, 6.048487395675926], [45.53568447412354, 6.056900159734728], [45.511060100166944, 6.0641826090888244], [45.494187191044304, 6.068632567849686], [45.48643572621035, 6.070548202612463], [45.46181135225376, 6.076159833589817], [45.43718697829716, 6.081143965472533], [45.412562604340565, 6.085600276697835], [45.38793823038397, 6.089608395430429], [45.38187788321582, 6.093162839248434], [45.36331385642738, 6.104173557111421], [45.35170506429243, 6.117693110647181], [45.36129639392068, 6.142223382045929], [45.36331385642738, 6.1443338481519625], [45.38793823038397, 6.156867364646928], [45.412562604340565, 6.158454916468941], [45.437186978297156, 6.160020249785889], [45.461811352253754, 6.161563827793482], [45.486435726210345, 6.163086100901111], [45.511060100166944, 6.164587507170032], [45.53568447412354, 6.166068472733642], [45.54719171296597, 6.166753653444676], [45.56030884808013, 6.167529412200705], [45.584933222036724, 6.1689707290423454], [45.60955759599332, 6.170392815963535], [45.634181969949914, 6.167249806627892], [45.63529904665909, 6.166753653444676], [45.65880634390651, 6.155973836805288], [45.683430717863104, 6.143941119911626], [45.686816166966445, 6.142223382045929], [45.7080550918197, 6.126474130238755], [45.72037031246526, 6.117693110647181], [45.72690262287389, 6.093162839248434], [45.732679465776286, 6.0810518188380165], [45.74289095972206, 6.068632567849686], [45.757303839732884, 6.059326709823923], [45.78192821368948, 6.051476064283756], [45.806552587646074, 6.047425649008793], [45.83117696160267, 6.044953829623026], [45.84267155479471, 6.044102296450939], [45.85580133555926, 6.043288257166402], [45.86134986173461, 6.044102296450939], [45.88042570951586, 6.046610687718902], [45.90505008347245, 6.0672230882902625], [45.90665052351578, 6.0686325678496855], [45.929674457429044, 6.089948788668077], [45.93296452262484, 6.093162839248434], [45.95429883138564, 6.115130350701368], [45.95666407847217, 6.117693110647181], [45.978923205342234, 6.140684268705373], [45.980443374898286, 6.142223382045929], [46.00354757929883, 6.163630507497889], [46.00709659431487, 6.166753653444676], [46.02817195325542, 6.1844722039743605], [46.03672661988453, 6.1912839248434235], [46.05279632721202, 6.203532812104775], [46.069861651858346, 6.215814196242171], [46.07742070116861, 6.221031288306069], [46.102045075125204, 6.237152112185583], [46.10710634660868, 6.240344467640918], [46.1266694490818, 6.2522915671999515], [46.14326453448784, 6.264874739039666], [46.1512938230384, 6.271319172517092], [46.17230170619162, 6.289405010438413], [46.17591819699499, 6.292711981022158], [46.19765606390027, 6.313935281837161], [46.20054257095158, 6.316940224008487], [46.2199864681974, 6.338465553235908], [46.22516694490818, 6.344607630034142], [46.23980346291608, 6.362995824634655], [46.24979131886477, 6.380195524275026], [46.25404060337533, 6.387526096033403], [46.26531565905431, 6.41205636743215], [46.274415692821364, 6.430123491903229], [46.27785331514148, 6.436586638830898], [46.29187823291278, 6.461116910229645], [46.29904006677796, 6.472613245405663], [46.30767173455524, 6.485647181628393], [46.32366444073456, 6.507689698283617], [46.32559086800726, 6.51017745302714], [46.3460957249445, 6.534707724425887], [46.34828881469115, 6.5371373084692275], [46.369789504273385, 6.559237995824635], [46.37291318864774, 6.562210357001291], [46.38995775996887, 6.583768267223382], [46.39753756260434, 6.593986696683395], [46.40730453718923, 6.60829853862213], [46.411457883342784, 6.632828810020877], [46.39753756260434, 6.648412105070272], [46.38854276582163, 6.657359081419624], [46.37291318864774, 6.671742301497565], [46.35281808554353, 6.681889352818372], [46.34828881469115, 6.6841225306116785], [46.32366444073456, 6.695932821713614], [46.30080618727045, 6.706419624217119], [46.29904006677797, 6.707211645895725], [46.274415692821364, 6.717994088017948], [46.249791318864766, 6.728312211256847], [46.243321527479694, 6.730949895615867], [46.22516694490818, 6.738195375552163], [46.20054257095158, 6.747670516612434], [46.17945236175516, 6.755480167014614], [46.17591819699499, 6.756762391063561], [46.1512938230384, 6.765493792438551], [46.1266694490818, 6.773885741976057], [46.11659885044374, 6.7800104384133615], [46.102045075125204, 6.789364352952999], [46.08115020285531, 6.804540709812109], [46.07742070116861, 6.807429841193703], [46.05279632721202, 6.828072034221639], [46.051687567262405, 6.829070981210856], [46.02817195325542, 6.851884544166534], [46.026531750455106, 6.853601252609604], [46.00506121904066, 6.878131524008351], [46.00354757929883, 6.8801298164401725], [45.985650575470444, 6.902661795407099], [45.978923205342234, 6.9106411362164515], [45.96425604556762, 6.927192066805846], [45.95429883138564, 6.937813293706492], [45.94055710142621, 6.951722338204593], [45.929674457429044, 6.962166007335911], [45.91416023645313, 6.976252609603341], [45.90505008347245, 6.984116460850725], [45.88457694178169, 7.000782881002088], [45.88042570951586, 7.0040034009613485], [45.856656094179044, 7.025313152400836], [45.85580133555926, 7.026118910625157], [45.833673605752566, 7.049843423799583], [45.83117696160267, 7.052753024807617], [45.81390859876386, 7.07437369519833], [45.80655258764607, 7.084460970486001], [45.79670184527511, 7.098903966597078], [45.78192821368948, 7.122845243036624], [45.781586849892534, 7.123434237995825], [45.78068404485163, 7.147964509394573], [45.78068387090566, 7.172494780793319], [45.780683696960075, 7.197025052192067], [45.78068352301489, 7.221555323590814], [45.78068334907009, 7.2460855949895615], [45.78068317512567, 7.270615866388309], [45.78068300118164, 7.295146137787056], [45.78068282723801, 7.319676409185804], [45.78068265329476, 7.344206680584551], [45.780682479351896, 7.368736951983299], [45.78192821368948, 7.371636827141987], [45.79165844907996, 7.393267223382047], [45.806552587646074, 7.415575659211377], [45.80813628029833, 7.417797494780793], [45.82700381931051, 7.442327766179541], [45.831176961602665, 7.447312034332106], [45.848821562597635, 7.466858037578289], [45.85580133555926, 7.473971518250284], [45.87482938768515, 7.491388308977036], [45.88042570951586, 7.496266126885854], [45.90374378338115, 7.515918580375783], [45.90505008347245, 7.517080874037679], [45.929674457429044, 7.540352097905823], [45.92977111022868, 7.5404488517745305], [45.95291126458364, 7.564979123173278], [45.95429883138564, 7.566541923562304], [45.973619405961855, 7.589509394572025], [45.978923205342234, 7.59623614780337], [45.99225979664324, 7.614039665970772], [46.00354757929883, 7.630006100397285], [46.00963427927367, 7.638569937369521], [46.02817195325543, 7.662719598445341], [46.02847955530387, 7.663100208768268], [46.049427717637315, 7.687630480167015], [46.05279632721202, 7.691335181119294], [46.07285154690264, 7.712160751565762], [46.07742070116861, 7.716630121016458], [46.099217468099596, 7.73669102296451], [46.102045075125204, 7.739150727262484], [46.1266694490818, 7.75950909438121], [46.128578499294264, 7.761221294363256], [46.1512938230384, 7.783262332563808], [46.15366029503079, 7.785751565762005], [46.17513243299582, 7.810281837160752], [46.17591819699499, 7.811251867830017], [46.19372183388378, 7.8348121085594995], [46.20054257095158, 7.84472194367122], [46.209972511313076, 7.859342379958247], [46.21931750214357, 7.883872651356994], [46.21931732820066, 7.908402922755742], [46.21931715425737, 7.932933194154489], [46.21931698031369, 7.957463465553237], [46.21931680636962, 7.981993736951984], [46.21931663242517, 8.00652400835073], [46.21931645848032, 8.03105427974948], [46.2193162845351, 8.055584551148225], [46.219316110589475, 8.080114822546973], [46.21931593664347, 8.10464509394572], [46.21689305012422, 8.129175365344468], [46.20157400064055, 8.153705636743215], [46.20054257095159, 8.155249850107483], [46.18411918737226, 8.178235908141962], [46.17591819699499, 8.188690086690999], [46.16404849313795, 8.20276617954071], [46.1512938230384, 8.216652998431815], [46.140726237581475, 8.227296450939457], [46.1266694490818, 8.240382449360805], [46.11201987814174, 8.251826722338205], [46.102045075125204, 8.259929316132574], [46.08282998376761, 8.276356993736952], [46.07742070116861, 8.281216984082462], [46.05669683456392, 8.3008872651357], [46.05279632721202, 8.30478802843264], [46.033214302735374, 8.325417536534447], [46.02817195325542, 8.331030651284737], [46.02428359522048, 8.335578663475456], [45.93556637100011, 8.365377519999981], [45.50435861900013, 8.507762079999964], [45.477682967516316, 8.51674880202641], [45.461811352253754, 8.518700422008438], [45.438354746350754, 8.521659707724426], [45.43718697829716, 8.521808996389176], [45.412562604340565, 8.525001529492076], [45.38793823038397, 8.528281469310919], [45.36331385642738, 8.536561291727605], [45.34715260231803, 8.546189979123174], [45.338689482470784, 8.551540993048931], [45.314065108514185, 8.568475091655698], [45.31102497338994, 8.570720250521921], [45.30622811820725, 8.57450998067134], [44.74008372241107, 8.765237555401313], [44.7258669643511, 8.7669624217119], [44.723080133555925, 8.767304956883887], [44.698455759599334, 8.770376210125352], [44.67383138564273, 8.773529904607166], [44.649207011686144, 8.776769404925835], [44.624582637729546, 8.780268140660109], [44.60489830412244, 8.791492693110648], [44.599958263772955, 8.794477672786645], [44.57533388981636, 8.810489944581649], [44.56749412267877, 8.816022964509395], [44.55176038368585, 8.827879360680349], [44.1874427570001, 8.94860312700007], [44.18576915200009, 8.949157709000133], [44.115113215000065, 8.972570935000022], [44.06447894600018, 8.989349590000188], [44.01055000000014, 9.007220000000132], [43.97640554600014, 9.038078848999987], [43.8607174120001, 9.142634705000148], [43.74924187200014, 9.243383331000189], [43.7389671608934, 9.25266934157774], [43.738105175292155, 9.252874190254808], [43.71835723401512, 9.257567849686847], [43.71348080133556, 9.258726956314264], [43.688856427378965, 9.264580569024051], [43.66423205342237, 9.270435028567896], [43.639607679465776, 9.276290335129573], [43.624226305149676, 9.282098121085596], [43.614983305509185, 9.28567677587193], [43.590358931552586, 9.301570845066781], [43.583154573591074, 9.306628392484342], [43.565734557595995, 9.319728126465373], [43.55184430502085, 9.331158663883091], [43.54111018363939, 9.340669074829918], [43.52550285447604, 9.355688935281837], [43.516485809682806, 9.365480722193846], [43.50411008264096, 9.379618284201388], [43.49311627700007, 9.386311502000126], [43.44166000000001, 9.417640000000006], [43.427130520000105, 9.433188287000121], [43.42583000000013, 9.434580000000096], [43.425140000000056, 9.4608300000001], [43.42563076617668, 9.4653924451165], [43.417988313856426, 9.47247123067417], [43.41128647489323, 9.478340292275576], [43.39336393989983, 9.493278391958713], [43.38156057833535, 9.502870563674321], [43.36873956594324, 9.513123242255716], [43.353780970630936, 9.52740083507307], [43.344115191986646, 9.537390004706054], [43.331084264114565, 9.551931106471816], [43.31949081803005, 9.566035259185353], [43.31151022237678, 9.576461377870565], [43.294866444073456, 9.600361542994627], [43.29445588847471, 9.60099164926931], [43.279639948183465, 9.62552192066806], [43.27434996880772, 9.64773853460458], [43.267220000000066, 9.66444000000007], [43.26055000000008, 9.684720000000084], [43.246380000000045, 9.750830000000121], [43.23777000000018, 9.799300000000073], [43.23501101907959, 9.81295385717104], [43.23291325427575, 9.82176409185804], [43.227072476270585, 9.846294363256785], [43.222143246946814, 9.86699633193077], [43.22044942200006, 9.869369481000035], [43.21592794100013, 9.875704344000098], [43.204090000000065, 9.892290000000173], [43.19466512700012, 9.896465122999984], [43.18041000000005, 9.902780000000178], [43.161924820000024, 9.902780000000178], [43.147840000000144, 9.902780000000178], [43.11028000000016, 9.908890000000156], [43.0843000000001, 9.92486000000008], [43.06305000000009, 9.948750000000018], [43.05166000000008, 9.968189999999993], [43.042770000000075, 9.993060000000014], [43.03472000000016, 10.025000000000091], [43.0251181700001, 10.049861961000033], [43.01305000000008, 10.081110000000137], [42.99969964600018, 10.096115798000028], [42.98332908600014, 10.114516307000088], [42.98055000000005, 10.117640000000165], [42.97288353900012, 10.121814555000128], [42.95326000000017, 10.132500000000107], [42.9227800000001, 10.147780000000125], [42.89096999999998, 10.17208000000005], [42.87997980200015, 10.183750681000163], [42.86416000000003, 10.200550000000078], [42.85069000000004, 10.21944000000019], [42.826562167658835, 10.286962186288951], [42.82552796866888, 10.287839248434238], [42.80237896494157, 10.308594930810374], [42.798420901467495, 10.312369519832986], [42.777754590984976, 10.333274712705517], [42.77437316334864, 10.336899791231733], [42.75313021702838, 10.36114584200644], [42.75289450138197, 10.36143006263048], [42.73196195221961, 10.385960334029228], [42.72850584307178, 10.389576544563353], [42.70683606733292, 10.410490605427976], [42.70388146911519, 10.413127252014247], [42.6792570951586, 10.433376873996519], [42.6770940134162, 10.435020876826723], [42.654632721202006, 10.450974019122299], [42.64133497513009, 10.45955114822547], [42.63000834724541, 10.46640781969086], [42.605383973288816, 10.469317565058981], [42.58075959933221, 10.469317565058981], [42.55613522537563, 10.469317565058981], [42.53151085141903, 10.469317565058981], [42.506886477462444, 10.469317565058983], [42.482262103505846, 10.469317565058981], [42.45763772954925, 10.469317565058983], [42.43301335559266, 10.469317565058983], [42.40838898163605, 10.469317565058981], [42.38376460767947, 10.469317565058981], [42.359140233722876, 10.459846953513724], [42.35866481898011, 10.45955114822547], [42.33451585976628, 10.443512232477014], [42.32290530188599, 10.435020876826723], [42.309891485809686, 10.424814969375124], [42.29316282034842, 10.410490605427976], [42.28526711185309, 10.403202655867553], [42.26803655342014, 10.385960334029228], [42.26064273789649, 10.377326084815998], [42.247097128575234, 10.36143006263048], [42.236018363939905, 10.348450388610846], [42.225601985726136, 10.336899791231733], [42.21139398998331, 10.322077535309269], [42.20153064700426, 10.312369519832986], [42.18676961602671, 10.298653063865867], [42.17439045364602, 10.287839248434238], [42.16214524207012, 10.277708722308743], [42.14355457605105, 10.263308977035491], [42.137520868113526, 10.258870428342794], [42.11289649415693, 10.241463088050363], [42.109211071741754, 10.238778705636745], [42.08827212020033, 10.222714569334839], [42.077950952991955, 10.214248434237996], [42.06364774624374, 10.201855620785514], [42.05049066024847, 10.189718162839249], [42.03902337228715, 10.178508649206618], [42.026177057329804, 10.165187891440501], [42.01439899833055, 10.152200271080414], [42.00449858294087, 10.140657620041754], [41.98977462437395, 10.123246393206692], [41.98379339978423, 10.116127348643007], [41.96515025041736, 10.097329316844656], [41.9589904908926, 10.09159707724426], [41.94052587646077, 10.075657471851306], [41.92966758966621, 10.067066805845512], [41.91590150250417, 10.056910562914421], [41.8944652668053, 10.042536534446764], [41.89127712854758, 10.040533878234708], [41.86665275459099, 10.031048985329935], [41.84202838063439, 10.031788905299244], [41.8174040066778, 10.032535703865358], [41.7927796327212, 10.033289477395558], [41.76815525876461, 10.034050324065674], [41.74353088480801, 10.034818343902725], [41.71890651085142, 10.03559363882874], [41.69428213689483, 10.036376312705857], [41.66965776293823, 10.037166471382704], [41.64503338898164, 10.037964222742122], [41.62040901502504, 10.041990707771388], [41.61967844039241, 10.042536534446764], [41.59578464106845, 10.061934399470756], [41.590070080378254, 10.067066805845512], [41.57116026711185, 10.085660896776043], [41.56565247453008, 10.09159707724426], [41.54653589315526, 10.114359213861661], [41.54517061653932, 10.116127348643007], [41.535703689191735, 10.140657620041754], [41.53137964652867, 10.165187891440501], [41.52721664333568, 10.189718162839249], [41.52320584773282, 10.214248434237996], [41.52191151919867, 10.222360787217095], [41.51933906206765, 10.238778705636744], [41.51560866698853, 10.263308977035491], [41.51200757133332, 10.287839248434238], [41.5085291671401, 10.312369519832984], [41.5051672891792, 10.336899791231733], [41.50191617848533, 10.361430062630482], [41.498990343524824, 10.385960334029228], [41.49728714524207, 10.401667761081438], [41.49631877524593, 10.410490605427976], [41.493581136280476, 10.435020876826723], [41.490774944945024, 10.45955114822547], [41.48789759369419, 10.484081419624218], [41.48494634103908, 10.508611691022965], [41.48191830283494, 10.533141962421713], [41.47881044287983, 10.55767223382046], [41.4756195627599, 10.582202505219207], [41.47266277128548, 10.604362935390174], [41.47234229086977, 10.606732776617957], [41.46619321605108, 10.631263048016702], [41.45071827745268, 10.65579331941545], [41.44803839732888, 10.659737678536453], [41.43306954090268, 10.680323590814197], [41.42341402337229, 10.692428602173095], [41.41275436831501, 10.704853862212945], [41.39878964941569, 10.7198096471276], [41.389049944236824, 10.729384133611692], [41.3741652754591, 10.742973220195218], [41.36001699721884, 10.753914405010438], [41.34954090150251, 10.762411845331105], [41.3308942780026, 10.778444676409187], [41.32491652754591, 10.783848669647298], [41.30489360489135, 10.802974947807932], [41.30029215358932, 10.80760849542417], [41.28153847936365, 10.827505219206682], [41.27566777963272, 10.834090551983273], [41.26044467526158, 10.852035490605427], [41.25104340567613, 10.863709132286154], [41.241090953513634, 10.876565762004176], [41.22641903171953, 10.89236713862219], [41.21765737831551, 10.901096033402922], [41.20179465776294, 10.915714890815362], [41.1900917177327, 10.925626304801671], [41.17717028380635, 10.935806610328683], [41.1571953684902, 10.950156576200417], [41.15254590984975, 10.953279019239282], [41.12792153589315, 10.96861298301209], [41.10742080365044, 10.974686847599166], [41.10329716193656, 10.975904709664894], [41.07867278797997, 10.982309507761654], [41.05404841402337, 10.98877398387533], [41.02942404006678, 10.995298976003227], [41.01474748332888, 10.999217118997912], [41.00479966611018, 11.00188533790596], [40.98017529215359, 11.008533939479832], [40.95555091819699, 11.015245667139862], [40.9309265442404, 11.022021424213738], [40.924691376423645, 11.023747390396661], [40.90630217028381, 11.028862131347122], [40.88167779632721, 11.035768726920658], [40.86179296003587, 11.048277661795407], [40.85705342237062, 11.05144434304659], [40.83297922916432, 11.072807933194156], [40.83242904841402, 11.073340543796856], [40.80976001589283, 11.097338204592901], [40.80780467445743, 11.099615100859944], [40.79019981350804, 11.12186847599165], [40.784147114603364, 11.146398747390398], [40.78318030050083, 11.151995927966203], [40.77997126764902, 11.170929018789145], [40.77594914527461, 11.195459290187893], [40.77207241235357, 11.219989561586639], [40.76833332564881, 11.244519832985386], [40.76472468219043, 11.269050104384132], [40.76123977296367, 11.29358037578288], [40.75855592654424, 11.313063221547974], [40.757872341280326, 11.318110647181628], [40.75461654529048, 11.342640918580376], [40.75146692416169, 11.367171189979123], [40.75045087507676, 11.39170146137787], [40.75040336621127, 11.416231732776618], [40.75035588122422, 11.440762004175365], [40.75030842009761, 11.465292275574113], [40.75026098281345, 11.48982254697286], [40.75021356935379, 11.514352818371608], [40.75016617970068, 11.538883089770355], [40.750118813836195, 11.563413361169102], [40.75007147174243, 11.58794363256785], [40.7500241534015, 11.612473903966597], [40.75001924551407, 11.637004175365345], [40.75005858437814, 11.661534446764092], [40.75009793812063, 11.68606471816284], [40.750137306749984, 11.710594989561587], [40.75017669027466, 11.735125260960334], [40.7502160887031, 11.759655532359082], [40.750255502043764, 11.784185803757829], [40.75029493030513, 11.808716075156577], [40.750334373495676, 11.833246346555324], [40.75037383162387, 11.857776617954071], [40.75116276100966, 11.882306889352819], [40.75375943815436, 11.906837160751568], [40.75642138488726, 11.931367432150314], [40.75855592654424, 11.950601998697037], [40.75915109343656, 11.955897703549061], [40.76195118454927, 11.980427974947808], [40.76482441588367, 12.004958246346556], [40.767773691068165, 12.029488517745303], [40.770802069488994, 12.05401878914405], [40.77391277687631, 12.078549060542798], [40.7771092167654, 12.103079331941546], [40.781466763401596, 12.127609603340293], [40.78318030050083, 12.13070527305328], [40.79575260568045, 12.15213987473904], [40.80780467445743, 12.170784297420756], [40.811850714303596, 12.176670146137786], [40.83012929338629, 12.201200417536535], [40.83242904841402, 12.20406809448813], [40.85106353864418, 12.225730688935283], [40.85705342237062, 12.232149765153917], [40.87526930989241, 12.25026096033403], [40.88167779632721, 12.256412615667447], [40.89941348994667, 12.274791231732777], [40.90630217028381, 12.282512171031184], [40.9202853535011, 12.299321503131525], [40.93092654424041, 12.313250058007679], [40.93851303292104, 12.323851774530272], [40.95456906968509, 12.34838204592902], [40.95555091819699, 12.349983326705253], [40.96881973854738, 12.372912317327767], [40.97295970956934, 12.397442588726515], [40.976154288641666, 12.421972860125262], [40.9792632095627, 12.44650313152401], [40.98017529215359, 12.453826714039254], [40.98228987195886, 12.471033402922757], [40.98523749790497, 12.495563674321506], [40.98810914336602, 12.520093945720252], [40.99090770876545, 12.544624217118999], [40.99363594875668, 12.569154488517746], [40.99629648126715, 12.593684759916494], [40.99889179587726, 12.618215031315241], [40.99963266698995, 12.64274530271399], [40.999679980800686, 12.667275574112736], [40.999727318409114, 12.691805845511483], [40.999774679833195, 12.716336116910231], [40.99982206509092, 12.740866388308978], [40.99986947420027, 12.765396659707726], [40.99991690717926, 12.789926931106473], [40.99996436404593, 12.81445720250522], [41.00001184481832, 12.83898747390397], [41.0000593495145, 12.863517745302715], [41.000357418978325, 12.888048016701463], [41.00089958760904, 12.91257828810021], [41.00147498258242, 12.937108559498958], [41.00208675482144, 12.961638830897705], [41.002738466665654, 12.986169102296452], [41.00343416128545, 13.010699373695198], [41.00417844664106, 13.035229645093946], [41.00479966611018, 13.054471082171531], [41.00497659767048, 13.059759916492691], [41.00583468149705, 13.084290187891439], [41.006759711942784, 13.108820459290188], [41.008586072570594, 13.133350730688935], [41.01294617521529, 13.15788100208768], [41.01942967154385, 13.18241127348643], [41.02942404006678, 13.20576939850562], [41.030087006986335, 13.206941544885177], [41.050861760099764, 13.231471816283925], [41.05404841402337, 13.233903329355865], [41.07867278797997, 13.247034313786674], [41.10329716193656, 13.254636991157504], [41.10881574969452, 13.256002087682672], [41.12792153589315, 13.2599854962723], [41.15254590984975, 13.267401802476922], [41.17717028380635, 13.274723622578888], [41.196931684002365, 13.28053235908142], [41.20179465776294, 13.281952750823127], [41.22641903171953, 13.2890909363112], [41.25104340567613, 13.296139884412202], [41.27566777963272, 13.303101258121057], [41.28266139954616, 13.305062630480165], [41.30029215358931, 13.3099766793665], [41.32491652754591, 13.31676773027094], [41.34954090150251, 13.323475954364174], [41.372259710367416, 13.329592901878915], [41.3741652754591, 13.330102857753007], [41.39878964941569, 13.35401162898675], [41.398893031946145, 13.354123173277664], [41.414722959730895, 13.37865344467641], [41.39878964941569, 13.402627055651067], [41.3983897753188, 13.403183716075157], [41.37975283957883, 13.427713987473904], [41.3741652754591, 13.434566411849914], [41.34954090150251, 13.447732969418166], [41.34183317643023, 13.452244258872652], [41.32491652754591, 13.462896244993951], [41.30523688726828, 13.476774530271399], [41.30029215358931, 13.480547710192463], [41.275721832689214, 13.501304801670146], [41.27566777963272, 13.501354547339663], [41.25141403107678, 13.525835073068894], [41.25104340567613, 13.526245881938252], [41.231047140730674, 13.550365344467641], [41.22641903171953, 13.556555325927025], [41.213734642724035, 13.574895615866389], [41.20179465776294, 13.594267971200853], [41.198837370456545, 13.599425887265136], [41.18588286600854, 13.623956158663882], [41.17717028380635, 13.631111371778463], [41.154469844269116, 13.64848643006263], [41.15254590984975, 13.64983965356267], [41.12792153589315, 13.666169286654728], [41.10329716193656, 13.655405091521299], [41.09218740010686, 13.648486430062631], [41.07867278797997, 13.639306026000341], [41.0577934694094, 13.623956158663884], [41.05404841402337, 13.614434612010665], [41.04808943620126, 13.599425887265138], [41.038200595593175, 13.574895615866389], [41.02942404006678, 13.553508871688312], [41.02812161751467, 13.550365344467641], [41.017846964938016, 13.525835073068894], [41.00737088373502, 13.501304801670145], [41.00479966611018, 13.495356779856698], [40.99668739193138, 13.476774530271397], [40.98579026831641, 13.452244258872652], [40.98017529215359, 13.439793146113125], [40.97467304036252, 13.427713987473904], [40.96332897140536, 13.403183716075157], [40.95555091819699, 13.386648907464926], [40.951751047030896, 13.37865344467641], [40.939324357993435, 13.354123173277662], [40.9309265442404, 13.343363540646731], [40.91450177337076, 13.329592901878915], [40.90630217028381, 13.324833857216316], [40.88167779632721, 13.315024956573197], [40.86395622340727, 13.329592901878915], [40.85705342237062, 13.335194786968435], [40.842982116355685, 13.35412317327766], [40.83242904841402, 13.370624103966275], [40.82750346330539, 13.37865344467641], [40.81945773777514, 13.403183716075157], [40.81131898193944, 13.427713987473904], [40.80780467445743, 13.438219177557576], [40.80308557289355, 13.452244258872652], [40.79475584976337, 13.476774530271399], [40.78632811258848, 13.501304801670146], [40.78318030050083, 13.510393564970183], [40.777800621165596, 13.525835073068894], [40.769171593850615, 13.550365344467643], [40.76043920631765, 13.574895615866389], [40.75855592654424, 13.580147724033418], [40.7516015902732, 13.599425887265136], [40.74265683212357, 13.623956158663884], [40.73393155258765, 13.633069625851697], [40.71798013476448, 13.648486430062631], [40.70930717863105, 13.656046094777818], [40.68805177313122, 13.67301670146138], [40.68468280467446, 13.675522357126248], [40.66005843071786, 13.692502425158715], [40.65207965855526, 13.697546972860124], [40.63543405676127, 13.707437288884902], [40.61080968280467, 13.717441328672928], [40.59517162548122, 13.722077244258873], [40.58618530884808, 13.724742250434602], [40.56156093489149, 13.732048682063684], [40.53693656093489, 13.73936062979982], [40.51254962461573, 13.74660751565762], [40.5123121869783, 13.746678099892076], [40.4876878130217, 13.754001098598964], [40.46306343906511, 13.761329632188454], [40.43843906510851, 13.768663706938], [40.43013646525959, 13.771137787056368], [40.41381469115192, 13.776003329134545], [40.38919031719533, 13.783348505074553], [40.36456594323873, 13.795390598258205], [40.36420791942201, 13.795668058455115], [40.33994156928214, 13.816144017816189], [40.33559270179219, 13.820198329853863], [40.31531719532554, 13.840942806338589], [40.31193768552616, 13.84472860125261], [40.29205602326691, 13.86925887265136], [40.29069282136895, 13.873565317140697], [40.284499473950326, 13.893789144050107], [40.28026566808029, 13.918319415448853], [40.276186397728665, 13.942849686847602], [40.27225335363357, 13.967379958246347], [40.26845881175477, 13.991910229645095], [40.26606844741235, 14.007819615461749], [40.26479558264359, 14.016440501043842], [40.26125696597985, 14.04097077244259], [40.257836709670606, 14.065501043841337], [40.25452897298578, 14.090031315240084], [40.25132829327306, 14.114561586638834], [40.24818755182055, 14.139091858037578], [40.24495509155833, 14.163622129436327], [40.24161424134164, 14.188152400835074], [40.24144407345576, 14.189380228421888], [40.238159456456046, 14.212682672233822], [40.23458480743821, 14.237212943632569], [40.230883946114474, 14.261743215031316], [40.22705006797747, 14.286273486430064], [40.2230758704318, 14.310803757828813], [40.21895350636955, 14.335334029227559], [40.21681969949917, 14.347681997594243], [40.21467453245483, 14.359864300626306], [40.20495517550369, 14.384394572025053], [40.19219532554257, 14.400151176770162], [40.18446648831359, 14.4089248434238], [40.16757095158598, 14.426359953549213], [40.16003356564129, 14.433455114822547], [40.14294657762938, 14.448198611221589], [40.12718832092053, 14.457985386221296], [40.11832220367279, 14.46314889428345], [40.09369782971619, 14.467454236592515], [40.0690734557596, 14.471598017904341], [40.044842391466304, 14.475525416683723], [40.04320826500009, 14.473740792000115], [40.02819810100016, 14.45798088500004], [40.01021790500016, 14.439631002000112], [39.98568332100018, 14.432741424000085], [39.98425632200019, 14.432340698000132], [39.98085004700016, 14.440779718000101], [39.978061055000126, 14.438037349000126], [39.97459895000014, 14.434633119000011], [39.97238320500003, 14.432454415000052], [39.97149884500004, 14.431584838000163], [39.97135219000006, 14.42632820600005], [39.97000771100011, 14.425401455000042], [39.96464540200009, 14.421705210000027], [39.95871524400002, 14.418309519000161], [39.95798398200009, 14.41789078800008], [39.95633320500002, 14.416079448999994], [39.954459174000135, 14.41402314100003], [39.94986367500013, 14.410645311000167], [39.94465840000015, 14.409453125000141], [39.93846445600013, 14.40874957699998], [39.93203969500013, 14.41205119600005], [39.92375602400011, 14.414994940999975], [39.911406325000144, 14.422928815000091], [39.90029778100012, 14.43182750800014], [39.89523720300008, 14.43585016600008], [39.89050024200009, 14.443572233000168], [39.89041900400014, 14.443637146000128], [39.87982183000014, 14.452104808000115], [39.87255345300014, 14.461897605000104], [39.866738838000174, 14.463496205000013], [39.861917960000085, 14.465819361000058], [39.85661611400013, 14.472026032000144], [39.84684096700005, 14.474487311000132], [39.84141007400018, 14.4794003720001], [39.83131514100006, 14.484855217000188], [39.825682792000066, 14.48014325500003], [39.8199807260001, 14.478950498000188], [39.81318087400007, 14.48237148600009], [39.81010288900018, 14.487477216000116], [39.80671807300007, 14.49337277800015], [39.80100967700008, 14.499225404000185], [39.799472810000054, 14.499402264000025], [39.79784599200008, 14.499589475000164], [39.79740306152756, 14.49964044663939], [39.77358096828047, 14.499678770156233], [39.74895659432387, 14.49971836927592], [39.72433222036728, 14.499757953347224], [39.69970784641068, 14.499797522378728], [39.67508347245409, 14.499837076378991], [39.65045909849749, 14.499876615356584], [39.6258347245409, 14.499916139320064], [39.60121035058431, 14.499370233795771], [39.57658597662771, 14.498799005201182], [39.55196160267112, 14.498222849982756], [39.52733722871452, 14.497641704129144], [39.50271285475793, 14.497055502515245], [39.47808848080133, 14.49646417887788], [39.45346410684474, 14.495867665790808], [39.42883973288815, 14.495265894639125], [39.40421535893155, 14.494658795592928], [39.37959098497496, 14.49404629758031], [39.35496661101836, 14.48972782566581], [39.33034223706177, 14.48426507674998], [39.328115643451454, 14.483750541072332], [39.32997287900014, 14.480452585000023], [39.32998226900003, 14.480435911000086], [39.32992836300019, 14.480429818000005], [39.329423257000144, 14.480372719000002], [39.32198434900016, 14.479531802000167], [39.315792318000035, 14.479036555000107], [39.31450812500009, 14.47893384400004], [39.31424750600013, 14.478912999000045], [39.31384799400007, 14.478881045000037], [39.31410771900016, 14.47592503400017], [39.31433431200003, 14.47334610300004], [39.31433437200019, 14.473304121000126], [39.314345168000045, 14.465759974000036], [39.3163074150001, 14.45984050700008], [39.31680461600013, 14.459774659000118], [39.322358639000015, 14.459039095000037], [39.321948389, 14.458477784000024], [39.31889641300012, 14.45430189800004], [39.318375674000094, 14.453589399000123], [39.317828947000066, 14.452841337000052], [39.31915974800012, 14.452157505000116], [39.32329159200003, 14.450034359000142], [39.320196808000105, 14.44260911800012], [39.31991736500004, 14.44193865699998], [39.31481294600019, 14.437557153], [39.30750468700006, 14.4361808700001], [39.29771405500003, 14.436182551000172], [39.29735304600007, 14.43010549800016], [39.29788537400009, 14.424202780000087], [39.30105748900007, 14.41822519100009], [39.30087197800009, 14.412589061000062], [39.30083248300008, 14.41138907400017], [39.2928942800001, 14.410583641000017], [39.29024481699997, 14.404734747000134], [39.28323934600007, 14.40390136800005], [39.27597166200002, 14.402184833000035], [39.27584525200007, 14.402154977000066], [39.26845772500013, 14.39767383100019], [39.26820871600006, 14.397522779000099], [39.26790386100015, 14.397342639000158], [39.26072509400012, 14.393100468000057], [39.2554306940001, 14.392346763000148], [39.249747945000024, 14.39226004600016], [39.248121663999996, 14.399418756000046], [39.24690451900011, 14.404719690000093], [39.246763843, 14.40533429300001], [39.24664974600006, 14.405436267000141], [39.2397550070001, 14.41159840299997], [39.23552415300014, 14.42054658700016], [39.23445161300003, 14.423301962000153], [39.23179212200017, 14.430761323000127], [39.22738951200006, 14.436938432999966], [39.22418321200013, 14.443325086000073], [39.22311181800012, 14.448807679000083], [39.22100254800006, 14.453800363000028], [39.220979666346274, 14.455099222508421], [39.2072203672788, 14.450810280089176], [39.182595993322195, 14.442556400975956], [39.15797161936561, 14.433633822917663], [39.1574979938724, 14.433455114822547], [39.13334724540901, 14.42395785181639], [39.11372192333344, 14.4089248434238], [39.10872287145242, 14.404823768710934], [39.08990909948242, 14.384394572025053], [39.09087218953374, 14.359864300626306], [39.10633495582961, 14.335334029227559], [39.10872287145243, 14.331752983137203], [39.1247294941144, 14.310803757828811], [39.13334724540901, 14.299622005193644], [39.1445286333363, 14.286273486430064], [39.15797161936561, 14.268027056610842], [39.16217836035624, 14.261743215031316], [39.17687376983956, 14.237212943632569], [39.182595993322195, 14.226404284350856], [39.18929934269472, 14.212682672233822], [39.19994327080106, 14.188152400835072], [39.2072203672788, 14.169079121503344], [39.20916311241173, 14.163622129436327], [39.21722674716693, 14.139091858037578], [39.22405616093741, 14.114561586638832], [39.23029679409146, 14.090031315240084], [39.23184474123539, 14.083981001900241], [39.23659430719726, 14.065501043841337], [39.24294948145933, 14.04097077244259], [39.249363112453665, 14.016440501043842], [39.255836010459795, 13.991910229645095], [39.25646911519199, 13.989523067926257], [39.26236900080197, 13.967379958246347], [39.26896292420001, 13.942849686847598], [39.27561863712998, 13.918319415448854], [39.28109348914859, 13.89831217064155], [39.282337012195015, 13.893789144050105], [39.29174496644704, 13.869258872651358], [39.30571786310517, 13.851654364487631], [39.31168858259239, 13.84472860125261], [39.33034223706177, 13.825064195872127], [39.33539322425216, 13.820198329853863], [39.35496661101836, 13.80291800791845], [39.365174333815844, 13.795668058455117], [39.37959098497496, 13.78608042150594], [39.40421535893155, 13.778693894341576], [39.42883973288815, 13.771306262521994], [39.42940125053108, 13.771137787056368], [39.45346410684474, 13.76391752579938], [39.47808848080133, 13.756527683925833], [39.50271285475793, 13.749136736653389], [39.511138599099866, 13.74660751565762], [39.52733722871452, 13.741744683734002], [39.55196160267112, 13.734351524919557], [39.57658597662771, 13.726957259961862], [39.59283538231179, 13.722077244258873], [39.60121035058431, 13.719561888612654], [39.6258347245409, 13.711810862394941], [39.64429031195426, 13.697546972860126], [39.65045909849749, 13.692370023098473], [39.67138784072963, 13.673016701461378], [39.67508347245409, 13.669278378557912], [39.693898213150625, 13.648486430062631], [39.69970784641069, 13.641166172217343], [39.712332091070266, 13.623956158663884], [39.71658355127089, 13.599425887265138], [39.72067716132941, 13.574895615866389], [39.72433222036728, 13.552195617744754], [39.72462155211785, 13.550365344467641], [39.72842473655019, 13.525835073068894], [39.732094163915946, 13.501304801670148], [39.735636768580164, 13.476774530271399], [39.73905901371958, 13.45224425887265], [39.74236693067561, 13.427713987473906], [39.7455661544279, 13.403183716075157], [39.74866195562776, 13.37865344467641], [39.746955350658894, 13.354123173277662], [39.744360758858654, 13.329592901878915], [39.7417017260707, 13.305062630480169], [39.738975821358764, 13.28053235908142], [39.73618048995843, 13.256002087682672], [39.73331304529093, 13.231471816283925], [39.730370660350765, 13.206941544885177], [39.72735035840912, 13.18241127348643], [39.72433222036728, 13.158530728624077], [39.72424900296889, 13.157881002087684], [39.72106328689988, 13.133350730688935], [39.710835573888744, 13.108820459290188], [39.69970784641068, 13.090633273053626], [39.69558748388664, 13.08429018789144], [39.67833471865326, 13.059759916492693], [39.67508347245409, 13.055472208488741], [39.65865412860614, 13.035229645093946], [39.65045909849749, 13.025940903281914], [39.6359944586097, 13.010699373695198], [39.6258347245409, 13.000787478471581], [39.61095156987435, 12.986169102296452], [39.60121035058431, 12.975890992989864], [39.58868062070517, 12.961638830897705], [39.57658597662771, 12.946691380723044], [39.56933755365712, 12.937108559498958], [39.55236203175843, 12.91257828810021], [39.55196160267112, 12.911960983476304], [39.53734444957512, 12.888048016701463], [39.528478217752905, 12.863517745302715], [39.52733722871452, 12.855041256655376], [39.525205383289325, 12.838987473903968], [39.522019510256705, 12.81445720250522], [39.5189171781612, 12.789926931106475], [39.515895143573886, 12.765396659707726], [39.51295032881976, 12.740866388308978], [39.51007981152287, 12.716336116910231], [39.50728081493282, 12.691805845511482], [39.504550698965566, 12.667275574112736], [39.50271285475793, 12.650415310602478], [39.50188695189754, 12.642745302713989], [39.499282415549814, 12.618215031315241], [39.496647542897186, 12.593684759916494], [39.493947384168116, 12.569154488517746], [39.491179482466556, 12.544624217118997], [39.48834125605062, 12.520093945720252], [39.48542999030053, 12.495563674321504], [39.482442829058556, 12.471033402922757], [39.47937676528247, 12.44650313152401], [39.47808848080133, 12.43638587666484], [39.476228630948626, 12.421972860125262], [39.47299508613326, 12.397442588726515], [39.468819738547374, 12.372912317327767], [39.4545690696851, 12.34838204592902], [39.45346410684474, 12.346594751574589], [39.43851303292104, 12.323851774530272], [39.42883973288815, 12.310434883795171], [39.4202853535011, 12.299321503131525], [39.40421535893155, 12.280136275149953], [39.39941348994667, 12.274791231732777], [39.37959098497496, 12.254380663108257], [39.375271233751576, 12.25026096033403], [39.354966611018355, 12.229941313497317], [39.351063538644176, 12.225730688935283], [39.33034223706177, 12.201467868821483], [39.33012929338629, 12.201200417536533], [39.311850714303596, 12.176670146137788], [39.30571786310517, 12.167677989920644], [39.29575260568045, 12.15213987473904], [39.281466763401596, 12.127609603340293], [39.28109348914858, 12.125559232554533], [39.27707466609818, 12.103079331941546], [39.27383926642878, 12.078549060542798], [39.270689350255594, 12.054018789144052], [39.267621573872276, 12.029488517745303], [39.26463276571448, 12.004958246346558], [39.261719915422795, 11.980427974947808], [39.25888016372898, 11.955897703549061], [39.25646911519199, 11.934575959949411], [39.25611079309435, 11.931367432150314], [39.253409219035575, 11.906837160751564], [39.250772982079894, 11.882306889352819], [39.24816327382686, 11.857776617954071], [39.2454922688371, 11.833246346555324], [39.242754377507, 11.808716075156577], [39.239947055564905, 11.784185803757829], [39.237067628040805, 11.759655532359082], [39.23411328076471, 11.735125260960334], [39.23184474123539, 11.716712795535672], [39.23108105119275, 11.710594989561587], [39.22796781849799, 11.686064718162841], [39.224770292856306, 11.661534446764092], [39.22148500385025, 11.637004175365345], [39.212452706951765, 11.612473903966597], [39.2072203672788, 11.604066767084023], [39.19651430691121, 11.58794363256785], [39.1825959933222, 11.568908651402406], [39.178289670924954, 11.563413361169104], [39.15797161936561, 11.539667191131054], [39.15724887924136, 11.538883089770357], [39.133347245409006, 11.51496475991766], [39.132611459045556, 11.514352818371608], [39.10872287145242, 11.49430360864529], [39.10342361128582, 11.48982254697286], [39.08409849749582, 11.472548725196935], [39.07646573806841, 11.465292275574111], [39.05947412353923, 11.448160815353166], [39.05254973523149, 11.440762004175365], [39.034849749582634, 11.420631069366873], [39.0311882416847, 11.416231732776618], [39.01199272980011, 11.39170146137787], [39.01022537562604, 11.389258588208481], [38.99447678351454, 11.367171189979123], [38.98560100166945, 11.355200720681172], [38.975680239593714, 11.342640918580376], [38.96097662771285, 11.32545215339661], [38.9542579094279, 11.318110647181628], [38.93635225375626, 11.29993756451104], [38.929618261521426, 11.29358037578288], [38.91172787979967, 11.277813100579197], [38.900977660174746, 11.269050104384133], [38.88710350584307, 11.258445184177631], [38.86803956538063, 11.244519832985386], [38.862479131886474, 11.240466396678514], [38.83785475792988, 11.22049897203821], [38.8372626441214, 11.219989561586639], [38.81323038397329, 11.198006921382921], [38.81062462037053, 11.195459290187893], [38.78860601001669, 11.172479122140333], [38.787210648432854, 11.170929018789145], [38.76646880838858, 11.146398747390398], [38.7639816360601, 11.14320550793476], [38.74802790862955, 11.12186847599165], [38.7393572621035, 11.10992067997789], [38.72963613433279, 11.097338204592901], [38.71473288814691, 11.07954204019434], [38.708703994970236, 11.072807933194156], [38.690108514190314, 11.053530109539121], [38.68466611191734, 11.048277661795407], [38.665484140233715, 11.031006495165297], [38.65677589009292, 11.023747390396661], [38.64085976627713, 11.01131359268729], [38.62409013791107, 10.999217118997912], [38.61623539232053, 10.993673814721092], [38.59161101836395, 10.97495246975956], [38.59127951192754, 10.974686847599166], [38.56698664440734, 10.95412939602282], [38.562582927111116, 10.950156576200419], [38.54236227045075, 10.930829623756155], [38.53723607611085, 10.925626304801673], [38.517737896494154, 10.904583345307909], [38.51468478472685, 10.901096033402922], [38.49449073207012, 10.876565762004176], [38.49311352253756, 10.87458595412149], [38.47667026023156, 10.852035490605427], [38.46848914858097, 10.841530781751366], [38.45692717004543, 10.827505219206682], [38.44386477462437, 10.812712974397726], [38.43473140204924, 10.802974947807932], [38.41924040066778, 10.787487989708907], [38.40959564383469, 10.778444676409187], [38.394616026711184, 10.76522335810436], [38.378399555475355, 10.753914405010438], [38.36999165275459, 10.748326646714164], [38.345367278797994, 10.743738895788553], [38.3207429048414, 10.739260077927273], [38.29611853088481, 10.734886358837997], [38.27149415692821, 10.73061408209058], [38.264297545804766, 10.729384133611692], [38.24686978297162, 10.72643975892211], [38.222245409015024, 10.72236005873527], [38.19762103505843, 10.71837180023559], [38.172996661101834, 10.714471943158058], [38.14837228714524, 10.71065758053783], [38.123747913188645, 10.706901770051976], [38.111755551156065, 10.704853862212946], [38.09912353923205, 10.702661164805571], [38.074499165275455, 10.698278413122122], [38.049874791318864, 10.693746245980988], [38.02525041736227, 10.689056890140105], [38.000626043405674, 10.68420202364478], [37.981559518439425, 10.680323590814197], [37.97600166944908, 10.67917272654092], [37.951377295492485, 10.673959426178605], [37.92675292153589, 10.668551836400379], [37.902128547579295, 10.662938889801424], [37.877504173622704, 10.657108662123008], [37.87602552891572, 10.65579331941545], [37.85287979966611, 10.63359601114146], [37.85080097951596, 10.6312630480167], [37.85287979966611, 10.626495575546905], [37.86256277511891, 10.606732776617955], [37.877504173622704, 10.592890499824776], [37.902128547579295, 10.58705638907394], [37.92335006881049, 10.582202505219207], [37.92675292153589, 10.58143861994074], [37.951377295492485, 10.576025377848136], [37.97600166944908, 10.570805693109534], [38.000626043405674, 10.565769366729997], [38.02525041736227, 10.5609069038919], [38.042116140009995, 10.55767223382046], [38.049874791318864, 10.556209454212295], [38.074499165275455, 10.551668757981107], [38.09912353923205, 10.547277097693076], [38.123747913188645, 10.543027254275145], [38.14837228714524, 10.539246317852303], [38.172996661101834, 10.535403419075973], [38.18723075625891, 10.533141962421713], [38.19762103505843, 10.531472233782694], [38.222245409015024, 10.527449684184603], [38.24686978297162, 10.523332547750712], [38.27149415692821, 10.519117448596889], [38.29611853088481, 10.514800848253856], [38.3207429048414, 10.510379035760126], [38.330419898893304, 10.508611691022965], [38.345367278797994, 10.505848117021582], [38.36999165275459, 10.501204003373587], [38.394616026711184, 10.484969169465565], [38.39570828874619, 10.484081419624218], [38.41924040066778, 10.463910293771237], [38.424022217455224, 10.45955114822547], [38.44386477462437, 10.440416951829231], [38.44914530386559, 10.435020876826723], [38.46848914858097, 10.414041099137439], [38.47158816462175, 10.410490605427976], [38.491757984593505, 10.385960334029228], [38.49311352253756, 10.383993636576559], [38.50896875820278, 10.36143006263048], [38.517737896494154, 10.349027242268829], [38.52702729626901, 10.336899791231733], [38.54236227045075, 10.31885191852962], [38.54837130135072, 10.312369519832986], [38.56698664440734, 10.294088581725866], [38.57398710586964, 10.287839248434238], [38.59161101836394, 10.273401080887457], [38.60529975436454, 10.263308977035491], [38.61623539232053, 10.255859658865965], [38.64085976627713, 10.252734322539887], [38.66548414023372, 10.256488265149331], [38.690108514190314, 10.260109573807627], [38.71261279326246, 10.263308977035491], [38.71473288814691, 10.26360515580652], [38.7393572621035, 10.266981446999004], [38.7639816360601, 10.270244451345539], [38.78860601001669, 10.273399776545176], [38.81323038397329, 10.276452666196485], [38.83785475792988, 10.279408028876228], [38.862479131886474, 10.282270464475058], [38.87514744350625, 10.287839248434238], [38.88710350584307, 10.29325820285371], [38.908734295473636, 10.312369519832986], [38.91172787979966, 10.315244316353823], [38.93241308373847, 10.336899791231733], [38.93635225375626, 10.34141630722844], [38.95247423838932, 10.36143006263048], [38.96097662771285, 10.377297059355442], [38.96542120227893, 10.385960334029228], [38.97233991351882, 10.410490605427974], [38.97919350591477, 10.435020876826723], [38.98560100166945, 10.458165231137226], [38.985982894507515, 10.459551148225469], [38.992708977273665, 10.484081419624218], [38.99937263552167, 10.508611691022965], [39.005974734276776, 10.533141962421713], [39.01022537562604, 10.54905616757589], [39.01251612265531, 10.55767223382046], [39.018997634228825, 10.582202505219207], [39.025420087378095, 10.606732776617955], [39.033730800956434, 10.631263048016702], [39.034849749582634, 10.63318510980448], [39.04895696249568, 10.65579331941545], [39.05947412353923, 10.670901848329885], [39.06654034698623, 10.680323590814197], [39.08409849749582, 10.701536898297682], [39.08707427853267, 10.704853862212945], [39.108722871452414, 10.726913572275588], [39.111976298633266, 10.729384133611692], [39.13334724540901, 10.745017624969254], [39.152802504296076, 10.753914405010438], [39.15797161936561, 10.756410661121986], [39.1825959933222, 10.769156233142127], [39.19887112997791, 10.778444676409187], [39.2072203672788, 10.78351039116092], [39.23184474123539, 10.79979816931966], [39.23628971520449, 10.802974947807932], [39.25646911519199, 10.818438495272279], [39.26728542171002, 10.827505219206682], [39.28109348914858, 10.83998073336661], [39.29338126251815, 10.852035490605427], [39.30571786310517, 10.864872201869883], [39.316237141387276, 10.876565762004176], [39.33034223706177, 10.88765338115607], [39.34899505736063, 10.901096033402922], [39.35496661101836, 10.905134484235122], [39.37959098497496, 10.914048495230983], [39.39433491019997, 10.901096033402922], [39.40421535893155, 10.89169897374667], [39.41885973217736, 10.876565762004176], [39.42883973288815, 10.853812758049067], [39.429585967231816, 10.852035490605427], [39.438765088417654, 10.827505219206682], [39.44725713318745, 10.802974947807934], [39.45346410684474, 10.783803415668427], [39.45513646217649, 10.778444676409187], [39.462467079155, 10.753914405010438], [39.46930437347219, 10.729384133611692], [39.47569652217232, 10.704853862212945], [39.47808848080133, 10.695244714542952], [39.481685626887774, 10.680323590814197], [39.48730864225155, 10.65579331941545], [39.49259813910846, 10.631263048016702], [39.49630127288534, 10.606732776617955], [39.49957528489567, 10.582202505219207], [39.50271285475793, 10.55907879722777], [39.50290533955253, 10.55767223382046], [39.50629288823634, 10.533141962421713], [39.50973943288066, 10.508611691022965], [39.513246528192504, 10.484081419624218], [39.51681578399082, 10.45955114822547], [39.520448867670304, 10.435020876826723], [39.524147506798684, 10.410490605427976], [39.52733722871452, 10.389685182254418], [39.52791349185581, 10.385960334029228], [39.53726261623551, 10.36143006263048], [39.55196160267112, 10.337560359577505], [39.55239325294171, 10.336899791231733], [39.569494650771645, 10.312369519832986], [39.57658597662771, 10.303055783404698], [39.588978668588155, 10.287839248434238], [39.60121035058431, 10.274008004072194], [39.611407502696274, 10.263308977035491], [39.6258347245409, 10.249210666707382], [39.6365105708835, 10.238778705636744], [39.65045909849749, 10.224057656972748], [39.6591005583046, 10.214248434237996], [39.67508347245409, 10.19452681350385], [39.678724705705804, 10.189718162839249], [39.69593111100893, 10.165187891440501], [39.69970784641068, 10.159366262670279], [39.711140654908746, 10.140657620041754], [39.72113594933402, 10.116127348643007], [39.724330328491426, 10.09159707724426], [39.72433222036728, 10.091582350467657], [39.72743971069947, 10.067066805845512], [39.73046744385183, 10.042536534446764], [39.73341670229647, 10.018006263048017], [39.73629049793706, 9.99347599164927], [39.73909169049278, 9.968945720250522], [39.74182299699038, 9.944415448851775], [39.744487000554486, 9.919885177453025], [39.74708615855603, 9.895354906054282], [39.74876614605203, 9.870824634655532], [39.74620847123593, 9.846294363256785], [39.74358750654172, 9.82176409185804], [39.740900873370016, 9.79723382045929], [39.73814607241738, 9.772703549060545], [39.7353204759213, 9.748173277661795], [39.732421319299625, 9.72364300626305], [39.72944569212844, 9.6991127348643], [39.72639052839634, 9.674582463465555], [39.72433222036728, 9.658417649532343], [39.723252595966805, 9.650052192066806], [39.72002848517222, 9.62552192066806], [39.70616529236125, 9.60099164926931], [39.69970784641068, 9.590633273053626], [39.690317160504094, 9.576461377870565], [39.67508347245409, 9.555472208488741], [39.672340817074364, 9.551931106471816], [39.65177671697155, 9.52740083507307], [39.65045909849749, 9.525940903281914], [39.62802274732789, 9.502870563674321], [39.6258347245409, 9.500787478471581], [39.603480734949976, 9.478340292275576], [39.60121035058431, 9.475891221361747], [39.58222017692562, 9.453810020876826], [39.57658597662771, 9.446691984572105], [39.56368365528223, 9.42927974947808], [39.55196160267113, 9.411962174970679], [39.547372474415624, 9.404749478079331], [39.53290859270723, 9.380219206680586], [39.52741188161129, 9.355688935281837], [39.52733722871452, 9.35513435655201], [39.5241526457651, 9.331158663883091], [39.52097878277623, 9.306628392484342], [39.51788698160759, 9.282098121085596], [39.51487410025392, 9.257567849686847], [39.51193715509119, 9.233037578288101], [39.509073311021254, 9.208507306889352], [39.50627987234334, 9.183977035490607], [39.503554274290686, 9.159446764091857], [39.50271285475793, 9.151751737279124], [39.50089407517628, 9.134916492693112], [39.49794766002663, 9.110386221294362], [39.49469194807938, 9.085855949895617], [39.49132523162979, 9.061325678496868], [39.48784173511906, 9.036795407098122], [39.48423527524742, 9.012265135699373], [39.48049922434569, 8.987734864300627], [39.47808848080133, 8.972360787217088], [39.47662646972614, 8.963204592901878], [39.47260936848805, 8.938674321503132], [39.468439697173764, 8.914144050104385], [39.46410859557756, 8.889613778705638], [39.45402529926518, 8.86508350730689], [39.45346410684474, 8.864359213861661], [39.43339600882354, 8.840553235908143], [39.42883973288815, 8.835660896776043], [39.40878636671564, 8.816022964509395], [39.40421535893155, 8.811934399470754], [39.37959098497496, 8.791990707771388], [39.37659468691408, 8.791492693110648], [39.35496661101836, 8.787964378228418], [39.33034223706177, 8.787166814642056], [39.30571786310517, 8.786376840123015], [39.28109348914858, 8.78559434686567], [39.25646911519199, 8.784819229096666], [39.23184474123539, 8.784051383027256], [39.2072203672788, 8.783290706806966], [39.1825959933222, 8.78253710047857], [39.15797161936561, 8.78179046593429], [39.13334724540901, 8.78105070687323], [39.10872287145242, 8.790544096512285], [39.107207607555374, 8.791492693110648], [39.08409849749582, 8.80693719861037], [39.07174773801301, 8.816022964509395], [39.05947412353923, 8.82570630986637], [39.04223329323104, 8.840553235908143], [39.034849749582634, 8.847408357275782], [39.017284659592065, 8.865083507306892], [39.01022537562604, 8.873590460632416], [38.9969640934041, 8.889613778705638], [38.98560100166945, 8.903517063402106], [38.976478702236705, 8.914144050104385], [38.96097662771285, 8.931199801311724], [38.9538231413085, 8.938674321503132], [38.93635225375626, 8.95596843736259], [38.92863326919401, 8.963204592901878], [38.91172787979966, 8.978260105280523], [38.90045865026549, 8.987734864300627], [38.88710350584307, 8.998428671877988], [38.87052691581454, 9.012265135699373], [38.862479131886474, 9.019090319406596], [38.844880484271386, 9.036795407098122], [38.83785475792988, 9.044464122680944], [38.82351855092743, 9.061325678496868], [38.81323038397329, 9.074549591586678], [38.80502453861533, 9.085855949895617], [38.788857233349624, 9.110386221294362], [38.78860601001669, 9.110975054248025], [38.77881598648935, 9.134916492693112], [38.77556154803838, 9.159446764091857], [38.77239546787042, 9.183977035490607], [38.76931419577727, 9.208507306889352], [38.76631436923204, 9.233037578288101], [38.7639816360601, 9.252571800150639], [38.763392801148825, 9.257567849686847], [38.760546468587826, 9.282098121085596], [38.757772502322126, 9.306628392484342], [38.755068177190154, 9.331158663883091], [38.752430903165774, 9.355688935281837], [38.75038017839785, 9.380219206680586], [38.75028556124202, 9.404749478079331], [38.750190920454806, 9.42927974947808], [38.75009625602732, 9.453810020876826], [38.75000156795072, 9.478340292275576], [38.74990685621613, 9.502870563674321], [38.749812120814696, 9.52740083507307], [38.74971736173754, 9.551931106471816], [38.74962257897579, 9.576461377870565], [38.74952777252056, 9.60099164926931], [38.749370633641654, 9.62552192066806], [38.74629551536455, 9.650052192066806], [38.743115526799166, 9.674582463465555], [38.73982521032214, 9.6991127348643], [38.7393572621035, 9.702533642640567], [38.736418722926466, 9.72364300626305], [38.73288980159337, 9.748173277661795], [38.72923172486221, 9.772703549060545], [38.725437270102105, 9.79723382045929], [38.72149866591396, 9.82176409185804], [38.71740753900273, 9.846294363256785], [38.71473288814691, 9.861833893978403], [38.7131548547557, 9.870824634655532], [38.70214302495428, 9.89535490605428], [38.690108514190314, 9.916079659887977], [38.687696950957246, 9.919885177453027], [38.67034784004058, 9.944415448851775], [38.66548414023372, 9.950508486102237], [38.64912286670059, 9.968945720250522], [38.64085976627713, 9.977212669276193], [38.61623539232053, 9.990681330457395], [38.59161101836394, 9.988602540014544], [38.56698664440734, 9.98664822851089], [38.54236227045075, 9.984807540185232], [38.517737896494154, 9.983070845920416], [38.49311352253756, 9.981429574747699], [38.46848914858097, 9.979876072382567], [38.44386477462437, 9.978403481864426], [38.41924040066778, 9.97700564237305], [38.394616026711184, 9.975677003072306], [38.36999165275459, 9.97172098971725], [38.365370298076925, 9.968945720250522], [38.345367278797994, 9.956234931985612], [38.32832051217744, 9.944415448851775], [38.3207429048414, 9.938837174096419], [38.296982814185036, 9.919885177453027], [38.29611853088481, 9.919150440213732], [38.27149415692821, 9.896691189690024], [38.270130768699964, 9.89535490605428], [38.24686978297162, 9.871085427048852], [38.246630839147855, 9.870824634655532], [38.222245409015024, 9.847328629661433], [38.2210853182573, 9.846294363256783], [38.19762103505843, 9.826784856175811], [38.19105210353803, 9.82176409185804], [38.172996661101834, 9.808835275003123], [38.15523476049857, 9.79723382045929], [38.14837228714524, 9.793017690690531], [38.12374791318865, 9.779352567421803], [38.09912353923206, 9.773511868157167], [38.09571566352996, 9.772703549060545], [38.074499165275455, 9.76767118198477], [38.049874791318864, 9.76183050890457], [38.02525041736227, 9.755989848916524], [38.000626043405674, 9.750149202020586], [37.99229546390505, 9.748173277661795], [37.97600166944908, 9.744308568216711], [37.951377295492485, 9.738467947504859], [37.92675292153589, 9.732627339884981], [37.902128547579295, 9.726786745357039], [37.888874290642995, 9.72364300626305], [37.877504173622704, 9.720946163920981], [37.85287979966611, 9.707658413802104], [37.83920205169227, 9.6991127348643], [37.828255425709514, 9.691844230153617], [37.80449555691013, 9.674582463465555], [37.80363105175292, 9.673912339299148], [37.779006677796325, 9.653406836443976], [37.77528865456788, 9.650052192066806], [37.75438230383973, 9.629730835589484], [37.75037011220516, 9.62552192066806], [37.729757929883135, 9.60489754335902], [37.72555754830539, 9.60099164926931], [37.70513355592655, 9.583352913983042], [37.69646554921823, 9.576461377870565], [37.68050918196995, 9.564592234611677], [37.66188145248034, 9.551931106471816], [37.655884808013354, 9.548101849995502], [37.63126043405676, 9.533493168219708], [37.606636060100165, 9.527580006825033], [37.60528412859427, 9.52740083507307], [37.582011686143574, 9.524358700012735], [37.557387312186975, 9.521224284122999], [37.532762938230384, 9.518173290271307], [37.50813856427379, 9.515202431795958], [37.483514190317194, 9.512308592447834], [37.4588898163606, 9.509488815486904], [37.434265442404005, 9.50674029360535], [37.409641068447414, 9.504060359605056], [37.398508138729845, 9.502870563674321], [37.385016694490815, 9.50144647776442], [37.360392320534224, 9.500382895310418], [37.33576794657763, 9.50035144428764], [37.311143572621035, 9.500319977385553], [37.28651919866444, 9.500288494592134], [37.261894824707845, 9.50025699589534], [37.237270450751254, 9.500225481283115], [37.212646076794655, 9.500193950743396], [37.188021702838064, 9.500162404264104], [37.16339732888147, 9.500130841833151], [37.138772954924875, 9.500099263438434], [37.11414858096828, 9.500310410323147], [37.089524207011685, 9.500852017839398], [37.064899833055094, 9.501427017328679], [37.040275459098496, 9.502038595110397], [37.015651085141904, 9.502690356214064], [37.009116640877124, 9.502870563674321], [36.9910267111853, 9.503386395493234], [36.966402337228715, 9.504131383742708], [36.941777963272116, 9.504930672646456], [36.917153589315525, 9.505790423541795], [36.892529215358934, 9.50671776655324], [36.867904841402336, 9.508445201435556], [36.843280467445744, 9.512963548946635], [36.818656093489146, 9.519927754084815], [36.80172970510807, 9.52740083507307], [36.794031719532555, 9.5320607877748], [36.773652502045884, 9.551931106471816], [36.76940734557596, 9.55851267205121], [36.7610130104054, 9.576461377870565], [36.75382453295896, 9.60099164926931], [36.749168353374465, 9.62552192066806], [36.744782971619365, 9.649090253560843], [36.744608230824404, 9.650052192066806], [36.74025954412155, 9.674582463465555], [36.7361079212194, 9.6991127348643], [36.73214026377099, 9.72364300626305], [36.728344609087806, 9.748173277661795], [36.72471000967064, 9.772703549060545], [36.72122642775685, 9.79723382045929], [36.720158597662774, 9.804962931706722], [36.717884642744785, 9.82176409185804], [36.714676169697434, 9.846294363256785], [36.71159318740858, 9.870824634655532], [36.695534223706176, 9.894884488946264], [36.6951995738849, 9.89535490605428], [36.67286669799642, 9.919885177453027], [36.670909849749584, 9.921840566092163], [36.646285475792986, 9.94421990762441], [36.64601354469696, 9.944415448851775], [36.621661101836395, 9.960743854098407], [36.5970367278798, 9.9607313311569], [36.572412353923205, 9.96071880630574], [36.547787979966614, 9.960706279544493], [36.523163606010016, 9.96069375087272], [36.498539232053425, 9.960681220289983], [36.473914858096826, 9.960668687795847], [36.449290484140235, 9.960656153389873], [36.42466611018364, 9.960643617071627], [36.400041736227045, 9.960631078840667], [36.375417362270454, 9.960618538696554], [36.35424862804484, 9.944415448851775], [36.350792988313856, 9.941549120767572], [36.3274616445232, 9.919885177453027], [36.326168614357265, 9.918572871798663], [36.305205691828085, 9.89535490605428], [36.301544240400666, 9.889968066203977], [36.28937740379578, 9.870824634655532], [36.289352321567534, 9.846294363256785], [36.28932724690281, 9.82176409185804], [36.2893021797982, 9.79723382045929], [36.28927712025029, 9.772703549060545], [36.28925206825566, 9.748173277661795], [36.289227023810895, 9.72364300626305], [36.28920198691257, 9.6991127348643], [36.289176957557295, 9.674582463465555], [36.28915193574166, 9.650052192066806], [36.28912692146224, 9.62552192066806], [36.301544240400666, 9.607968142063754], [36.30685940015347, 9.60099164926931], [36.326168614357265, 9.578472306204654], [36.32804016349799, 9.576461377870565], [36.350792988313856, 9.554076375444698], [36.3532100303681, 9.551931106471816], [36.375417362270454, 9.533718912764439], [36.400041736227045, 9.528838512614856], [36.406958044335425, 9.52740083507307], [36.42466611018364, 9.523575677132463], [36.449290484140235, 9.51788362093912], [36.473914858096826, 9.511707602888954], [36.498539232053425, 9.504983159905546], [36.505848884315526, 9.502870563674321], [36.523163606010016, 9.497633848457387], [36.547787979966614, 9.489568325734428], [36.572412353923205, 9.480676533771554], [36.57848914537194, 9.478340292275576], [36.5970367278798, 9.470824647510307], [36.621661101836395, 9.459848293015993], [36.639163895578704, 9.453810020876826], [36.646285475792986, 9.450686460993868], [36.670909849749584, 9.4348332600399], [36.676349663642824, 9.42927974947808], [36.69161409242865, 9.404749478079331], [36.695534223706176, 9.39468966498275], [36.6998805302564, 9.380219206680586], [36.695534223706176, 9.373789872802917], [36.683505344470476, 9.355688935281837], [36.670909849749584, 9.342615700311747], [36.659419294156926, 9.331158663883091], [36.646285475792986, 9.318578966785942], [36.63310024300183, 9.306628392484342], [36.621661101836395, 9.296508312215359], [36.605233512614724, 9.282098121085596], [36.5970367278798, 9.27437708969996], [36.58048417258948, 9.257567849686847], [36.572412353923205, 9.248717424752224], [36.559077695061085, 9.233037578288101], [36.547787979966614, 9.218612399917141], [36.54037965136976, 9.208507306889352], [36.52390660192624, 9.183977035490607], [36.523163606010016, 9.18279726903445], [36.50928370087583, 9.159446764091857], [36.498539232053425, 9.139477242481933], [36.49621582595585, 9.134916492693112], [36.477884637521434, 9.110386221294362], [36.473914858096826, 9.106314686996447], [36.45226803538804, 9.085855949895617], [36.449290484140235, 9.083252267385262], [36.42466611018364, 9.063399153022925], [36.4218802399746, 9.061325678496868], [36.400041736227045, 9.046129024736944], [36.385251386880185, 9.036795407098122], [36.375417362270454, 9.030968583334934], [36.350792988313856, 9.02741705566591], [36.326168614357265, 9.024143134656068], [36.301544240400666, 9.020959788025623], [36.276919866444075, 9.017863308391195], [36.25229549248748, 9.014850187979697], [36.23062757615515, 9.012265135699373], [36.227671118530886, 9.01191710537266], [36.20304674457429, 9.009060913293064], [36.178422370617696, 9.006278627340219], [36.153797996661105, 9.003567415587987], [36.129173622704506, 9.000924588970078], [36.104549248747915, 9.000476659641576], [36.07992487479132, 9.000468731461405], [36.055300500834726, 9.000460804283048], [36.03067612687813, 9.000452878106312], [36.006051752921536, 9.00044495293101], [35.98142737896494, 9.000437028756952], [35.95680300500835, 9.000429105583947], [35.932178631051755, 9.000421183411806], [35.90755425709516, 9.00041326224034], [35.882929883138566, 9.00040534206936], [35.85830550918197, 9.00215012856909], [35.833681135225376, 9.004781589522807], [35.80905676126878, 9.007479770660272], [35.78443238731219, 9.010247242079696], [35.766867581451, 9.012265135699373], [35.759808013355595, 9.0130867075984], [35.735183639399, 9.016001013563978], [35.710559265442406, 9.018993158371474], [35.68593489148581, 9.022066302753482], [35.661310517529216, 9.02522378091738], [35.63668614357262, 9.028469112612218], [35.61338919294312, 9.036795407098124], [35.61206176961603, 9.037287520795923], [35.587437395659435, 9.0523733234179], [35.57412907679606, 9.061325678496868], [35.56281302170284, 9.069436826752717], [35.54181885465276, 9.085855949895617], [35.538188647746246, 9.088894216515829], [35.514488204163804, 9.110386221294362], [35.51356427378965, 9.111318893884189], [35.490531409962614, 9.134916492693112], [35.488939899833056, 9.136505776842439], [35.46431552587646, 9.159252930831354], [35.46408966220623, 9.159446764091857], [35.43969115191987, 9.179008294033038], [35.432942349205184, 9.183977035490607], [35.415066777963276, 9.196325683665771], [35.39571068543577, 9.208507306889352], [35.39044240400668, 9.21163017000302], [35.365818030050086, 9.222532701112854], [35.34119365609349, 9.228380960691341], [35.32158925354023, 9.233037578288101], [35.316569282136896, 9.234230052837487], [35.2919449081803, 9.240079977729094], [35.26732053422371, 9.245930735544011], [35.24269616026711, 9.251782326460143], [35.21835325574379, 9.257567849686847], [35.21807178631052, 9.257634750655443], [35.193447412353926, 9.263488008307915], [35.16882303839733, 9.269342099595615], [35.14419866444074, 9.275197024696643], [35.12217936455516, 9.282098121085596], [35.11957429048414, 9.282925695967041], [35.09494991652755, 9.298430600218985], [35.08311653993783, 9.306628392484342], [35.07032554257095, 9.316111353810992], [35.051777837942474, 9.331158663883091], [35.04570116861436, 9.336460534296187], [35.025410962649744, 9.355688935281837], [35.021076794657766, 9.360312669766206], [35.003316840851504, 9.380219206680586], [34.99645242070117, 9.38868902118781], [34.982712334558, 9.404749478079331], [34.97182804674458, 9.416692628257486], [34.95968146600579, 9.42927974947808], [34.94720367278798, 9.441463833460814], [34.93376883306834, 9.453810020876826], [34.92257929883139, 9.463531763547595], [34.904397462293694, 9.478340292275576], [34.89795492487479, 9.48331603381903], [34.8733305509182, 9.501157076257185], [34.870878588293714, 9.502870563674321], [34.8487061769616, 9.519166739189828], [34.83823703564492, 9.52740083507307], [34.824081803005015, 9.539141466243443], [34.80961007321575, 9.551931106471816], [34.79945742904842, 9.561421433079019], [34.78429997500633, 9.576461377870565], [34.77483305509182, 9.586430141465506], [34.76176184527961, 9.60099164926931], [34.75020868113523, 9.61468064317152], [34.74151047361667, 9.62552192066806], [34.72558430717863, 9.642570919167373], [34.71802810490611, 9.650052192066806], [34.70095993322204, 9.665688811828794], [34.690393835413005, 9.674582463465555], [34.67633555926544, 9.685593076615314], [34.65739973675922, 9.6991127348643], [34.65171118530885, 9.702910257106556], [34.62708681135226, 9.71811396398109], [34.60246243739566, 9.719317405246422], [34.57783806343907, 9.719317230636026], [34.55321368948247, 9.719317056025238], [34.52858931552588, 9.719316881414061], [34.50396494156928, 9.719316706802491], [34.47934056761269, 9.719316532190529], [34.4547161936561, 9.719316357578174], [34.4300918196995, 9.719316182965429], [34.40546744574291, 9.719316008352292], [34.38084307178631, 9.719315833738763], [34.35621869782972, 9.708006010209854], [34.34263029639966, 9.6991127348643], [34.33159432387312, 9.6913982703814], [34.309665733357846, 9.674582463465555], [34.30696994991653, 9.672364210381591], [34.28234557595993, 9.650330216347072], [34.28205782824156, 9.650052192066807], [34.258599028190325, 9.62552192066806], [34.25772120200334, 9.624360183112696], [34.239262595436955, 9.60099164926931], [34.23309682804675, 9.593609842232414], [34.2180502255239, 9.576461377870565], [34.20847245409015, 9.566141698984138], [34.19458228811253, 9.551931106471816], [34.18384808013356, 9.54151785420856], [34.16847882132326, 9.52740083507307], [34.15922370617696, 9.5193182688663], [34.13926944405419, 9.502870563674321], [34.13459933222037, 9.49920173071848], [34.110384439495924, 9.478340292275576], [34.10997495826377, 9.47797716862379], [34.093637576163175, 9.460886859049177], [34.094160000000045, 9.454720000000066], [34.094990000000166, 9.453890000000172], [34.09777000000014, 9.419720000000154], [34.10055000000011, 9.385280000000023], [34.12990603800006, 9.018755721000105], [34.13335735400017, 8.97566437100005], [34.13440686100006, 8.9625607750001], [34.13499000000007, 8.95528000000013], [34.13464234066482, 8.944867637744974], [34.139206839265796, 8.938674321503132], [34.15608527139673, 8.914144050104385], [34.15922370617696, 8.909277396621533], [34.17126719659209, 8.889613778705638], [34.173505959822336, 8.86508350730689], [34.15922370617696, 8.843497526521617], [34.15716054162227, 8.840553235908143], [34.13876252615617, 8.816022964509395], [34.13459933222037, 8.810868971112017], [34.129996652054274, 8.805740196582846], [34.12513534700014, 8.675343279999993], [34.124368289000074, 8.654768148000073], [34.12424570300004, 8.651479982000126], [34.12360000000018, 8.634160000000065], [34.1228000000001, 8.584650000000067], [34.12166000000008, 8.579580000000135], [34.10555000000011, 8.557780000000093], [34.09723750800015, 8.549532150000175], [34.070830000000115, 8.523330000000044], [34.04987434100019, 8.504072541000141], [34.048365011000044, 8.502685523000139], [34.002220000000136, 8.460280000000068], [33.97076000000004, 8.43757000000005], [33.91528000000005, 8.430550000000096], [33.88152000000008, 8.430830000000185], [33.8524900000001, 8.42583000000019], [33.82403200500016, 8.413772242000107], [33.81874000000005, 8.411530000000027], [33.792937422000136, 8.387443445000088], [33.791562247000115, 8.386159726000187], [33.789720000000045, 8.38444000000004], [33.77869253800014, 8.374431932999983], [33.77373616600005, 8.369933736000064], [33.77133000000009, 8.367750000000001], [33.76583246700005, 8.368467836999969], [33.73544344800018, 8.372435864000124], [33.71527000000009, 8.375070000000107], [33.691453427000056, 8.394678562000024], [33.69048000000009, 8.395480000000077], [33.68847192300012, 8.399556915000176], [33.68028425700015, 8.41617999600004], [33.677052997000146, 8.42274029000015], [33.67583744300015, 8.425208179000151], [33.6699900000001, 8.437080000000037], [33.64094083500004, 8.461602976000108], [33.63437000000005, 8.46715000000006], [33.62412526900016, 8.467073346999996], [33.61463858500019, 8.467002366000088], [33.564721618000135, 8.466628877000005], [33.56455081500013, 8.466627599000105], [33.50861000000015, 8.466200000000129], [33.484972616000164, 8.460968624000031], [33.480993390000094, 8.460087950000172], [33.47905601999997, 8.458720984000024], [33.47668777100006, 8.456970924000188], [33.475632740000094, 8.456191290000163], [33.47327267600019, 8.45584073800012], [33.47151578600017, 8.456608566000057], [33.47044969700016, 8.45775444200018], [33.45495370800006, 8.454324902999986], [33.43003976000017, 8.448811000000035], [33.403566695999984, 8.442952038000044], [33.38083000000012, 8.437920000000076], [33.37019740300008, 8.441017407000118], [33.35392667455579, 8.445757271580925], [33.34661936560935, 8.43961619876988], [33.32925975356751, 8.423538622129437], [33.32199499165275, 8.416176689614332], [33.3064888836448, 8.39900835073069], [33.29737061769616, 8.387711582814369], [33.28750814774892, 8.374478079331942], [33.28072476953133, 8.349947807933194], [33.274005951894104, 8.325417536534447], [33.27274624373957, 8.320792229409172], [33.26735077752267, 8.3008872651357], [33.26075834639887, 8.276356993736952], [33.25422777539522, 8.251826722338205], [33.24812186978297, 8.228681465995889], [33.24775819788046, 8.227296450939457], [33.24134876333624, 8.20276617954071], [33.23499863698436, 8.178235908141962], [33.228706999424304, 8.153705636743215], [33.22349749582638, 8.133222021603965], [33.22247304628079, 8.129175365344468], [33.215259955473456, 8.10464509394572], [33.20691626062876, 8.080114822546973], [33.19887312186978, 8.059252975251702], [33.19735564710095, 8.055584551148225], [33.18629094372102, 8.03105427974948], [33.17424874791319, 8.008123737715671], [33.173336908620705, 8.00652400835073], [33.157964456654405, 7.981993736951983], [33.14962437395659, 7.970360314116107], [33.139426611263445, 7.9574634655532375], [33.125, 7.941327562899724], [33.12450082540647, 7.932933194154488], [33.12315006303898, 7.908402922755742], [33.12194045710561, 7.883872651356993], [33.12261273030914, 7.859342379958246], [33.12453957428585, 7.8348121085594995], [33.125, 7.829510247183772], [33.14962437395659, 7.81951929447888], [33.17424874791319, 7.810311833849237], [33.17433225588708, 7.810281837160752], [33.19887312186978, 7.801799180284249], [33.22349749582638, 7.793905546700669], [33.24812186978297, 7.7865657814378615], [33.250964287099464, 7.785751565762005], [33.27274624373957, 7.7797235658666235], [33.29737061769616, 7.773329966524385], [33.32199499165275, 7.767342263002243], [33.34661936560935, 7.761722992197803], [33.348894102992304, 7.761221294363257], [33.37124373956594, 7.756439163727984], [33.39586811352254, 7.752912867237972], [33.42049248747913, 7.749619051582808], [33.44511686143573, 7.74626832824107], [33.454328125963485, 7.744993075759897], [33.45465483100014, 7.74556846400003], [33.45439364944459, 7.744984004368928], [33.460865808146906, 7.7440879670855765], [33.46360172800013, 7.744043595000051], [33.463938035000126, 7.744038141000146], [33.464440000000025, 7.744030000000066], [33.4668076628655, 7.743265347677588], [33.46974123539232, 7.742859209559173], [33.49436560934892, 7.739390155575028], [33.51323000390554, 7.73669102296451], [33.5189899833055, 7.735859571698561], [33.5436143572621, 7.732265806267737], [33.5682387312187, 7.728607147972175], [33.59286310517529, 7.724881823135926], [33.61748747913189, 7.721087992850366], [33.63692016171413, 7.7121607515657615], [33.64211185308848, 7.709663566981762], [33.66673622704508, 7.693215104564631], [33.674401219154014, 7.687630480167015], [33.69136060100167, 7.674376196042577], [33.70456559916457, 7.663100208768267], [33.7073053166056, 7.660577394795619], [33.71249000000006, 7.658470000000136], [33.780475743000125, 7.606201983000119], [33.850232331000086, 7.552572524000027], [33.88555000000008, 7.525420000000167], [33.89687238000005, 7.513732845000106], [33.926267308000035, 7.483390894000024], [33.92877065900012, 7.480806892000089], [33.93059898400014, 7.478919664000102], [33.95485945399997, 7.453877589000172], [33.96179849300012, 7.446714993000114], [34.00540917700016, 7.401699294000082], [34.02771000000013, 7.378680000000031], [34.02912253600016, 7.357996237000123], [34.02946739000009, 7.352946539000072], [34.02995617200003, 7.34578930400005], [34.03059155600016, 7.336485380999989], [34.030596369565295, 7.336414895958023], [34.03610183639399, 7.330025264537559], [34.04557195308031, 7.319676409185805], [34.06072621035059, 7.304171360076701], [34.070130790185374, 7.295146137787056], [34.08535058430718, 7.281415325554821], [34.09816914720609, 7.270615866388308], [34.10997495826377, 7.261231843248008], [34.13029009985133, 7.2460855949895615], [34.13459933222037, 7.242912304650161], [34.15922370617696, 7.223236607614526], [34.16120094479738, 7.221555323590814], [34.18384808013356, 7.20108773900583], [34.1880521557678, 7.197025052192067], [34.20847245409015, 7.175968122432199], [34.21163583697775, 7.172494780793319], [34.232514219063745, 7.147964509394574], [34.233096828046754, 7.147232498974748], [34.25113539370613, 7.123434237995825], [34.25772120200334, 7.114562440334838], [34.27001655391818, 7.098903966597078], [34.28234557595993, 7.084282588401965], [34.29121329079455, 7.0743736951983305], [34.30696994991653, 7.057900102990628], [34.31517940302473, 7.049843423799583], [34.33159432387312, 7.034708026785892], [34.342495555418274, 7.025313152400836], [34.35621869782972, 7.014160636879598], [34.373934712362555, 7.000782881002088], [34.38084307178631, 6.9957178579757695], [34.40546744574291, 6.976368529071554], [34.40560674171735, 6.976252609603341], [34.4300918196995, 6.954605934423218], [34.4331393796454, 6.951722338204593], [34.4547161936561, 6.929948570217211], [34.45727947251662, 6.927192066805846], [34.465780685766966, 6.91741911997988], [34.47001740000013, 6.915230756000142], [34.470093883000175, 6.915191250000078], [34.47180000000003, 6.914310000000171], [34.47478274546348, 6.907070402902978], [34.47861766988566, 6.902661795407099], [34.47934056761268, 6.901777711061631], [34.49761503079007, 6.878131524008352], [34.50396494156928, 6.869170217220929], [34.51541083157505, 6.853601252609604], [34.52858931552588, 6.836819959844947], [34.53500391736409, 6.829070981210856], [34.55321368948247, 6.8084276832221], [34.55683858548272, 6.804540709812109], [34.57783806343907, 6.783329079507599], [34.581322854380424, 6.7800104384133615], [34.60246243739566, 6.760982440902048], [34.60894811257384, 6.755480167014614], [34.62708681135226, 6.740733364553595], [34.637745422824466, 6.730949895615867], [34.648963890953105, 6.71981246942688], [34.65472000000017, 6.716670000000136], [34.66696396100008, 6.7083186570000635], [34.67916000000014, 6.699999999999989], [34.68152864200016, 6.697940875000086], [34.70472000000001, 6.677780000000041], [34.70702908400011, 6.674952730000086], [34.73826379900015, 6.636708580000118], [34.739280539000106, 6.635463672000128], [34.756990000000144, 6.613780000000133], [34.759675713000036, 6.606644279000136], [34.850000000000136, 6.366660000000138], [34.85292277500008, 6.33204939899997], [34.85462998000003, 6.31183320100007], [34.85638000000006, 6.29111000000006], [34.859300000000076, 6.267220000000123], [34.8604507942747, 6.264179857258628], [34.8733305509182, 6.25145394870387], [34.884789498132136, 6.240344467640918], [34.89795492487479, 6.226703765256168], [34.9076819563509, 6.215814196242171], [34.92257929883139, 6.197697245900685], [34.92750474125418, 6.1912839248434235], [34.944872298200856, 6.166753653444676], [34.94720367278798, 6.163211999897198], [34.96021417802885, 6.142223382045929], [34.97095581792046, 6.117693110647181], [34.97182804674458, 6.111250752448802], [34.97424391769982, 6.093162839248434], [34.97725167007042, 6.07011018411785], [34.981380000000115, 6.061110000000099], [34.987820000000056, 6.013940000000048], [34.98544915758162, 6.004207484250568], [34.98655436535961, 5.995041753653445], [34.98943745428059, 5.970511482254697], [34.99224856192551, 5.945981210855949], [34.99499035076246, 5.921450939457203], [34.99645242070117, 5.9081180257143355], [34.99766535355169, 5.896920668058455], [35.00027837177997, 5.872390396659708], [35.00227454520929, 5.853846339738721], [35.028330000000096, 5.81416999999999], [35.10541000000006, 5.6883300000000645], [35.10388000000012, 5.632500000000107], [35.289990000000046, 5.507780000000082], [35.29270000000008, 5.487640000000113], [35.27708000000018, 5.458050000000185], [35.27041000000003, 5.438330000000121], [35.295558285000084, 5.39135417500006], [35.3030500000001, 5.377360000000124], [35.32625000000013, 5.35708000000011], [35.352840000000185, 5.350690000000043], [35.41909000000004, 5.3984000000001515], [35.44371000000018, 5.425520000000176], [35.50470999999999, 5.431390000000022], [35.527920000000165, 5.42681000000016], [35.57000388900008, 5.413574965000123], [35.572938427000054, 5.412652077000132], [35.57760105800014, 5.41118571800007], [35.59230622918093, 5.406561063451843], [35.61206176961603, 5.414039980050127], [35.63668614357262, 5.40890913318657], [35.63963052389947, 5.406315240083508], [35.661310517529216, 5.385596456613064], [35.66232571810601, 5.384540513157408], [35.663946064000186, 5.384030928000186], [35.72624000000013, 5.364440000000116], [35.73432951500007, 5.359293998000112], [35.74436701600018, 5.352908819000049], [35.75375000000008, 5.346940000000075], [35.757041116000096, 5.3454338959999745], [35.76366570500011, 5.342402304000132], [35.77499000000017, 5.337220000000173], [35.79694000000018, 5.331110000000024], [35.82166000000001, 5.328610000000083], [35.798740000000066, 5.265550000000189], [35.79624000000018, 5.235140000000058], [35.80513000000013, 5.206810000000132], [35.83069000000006, 5.168400000000133], [35.82361000000009, 5.136670000000095], [35.802770000000066, 5.10528000000005], [35.77999000000017, 5.082639999999969], [35.77837669400009, 5.000076512000021], [35.77824540800003, 4.993357784000068], [35.77801413300017, 4.981521910000083], [35.77639930364134, 4.89888046315286], [35.777576004027274, 4.891179540709812], [35.78443238731219, 4.868428753826952], [35.78498330967081, 4.866649269311065], [35.800640451161385, 4.842118997912317], [35.80905676126878, 4.830147239486248], [35.81850907814916, 4.81758872651357], [35.833681135225376, 4.79916609330832], [35.839093334757074, 4.7930584551148225], [35.85830550918197, 4.77309602270601], [35.863390023620255, 4.768528183716075], [35.882929883138566, 4.7516161422330665], [35.89260607549434, 4.743997912317328], [35.90755425709516, 4.7316465937780645], [35.921464007511055, 4.71946764091858], [35.932178631051755, 4.7095978579400875], [35.947245770965914, 4.694937369519833], [35.95680300500835, 4.6851273807964615], [35.97041834216898, 4.6704070981210855], [35.98142737896494, 4.657812986354155], [35.99135873104217, 4.645876826722338], [36.006051752921536, 4.627565472580941], [36.010899480133105, 4.621346555323591], [36.03067612687813, 4.600735836167767], [36.034745814630334, 4.596816283924843], [36.055300500834726, 4.578475569678627], [36.0628576175756, 4.572286012526096], [36.07992487479132, 4.559264787576317], [36.09649176628444, 4.547755741127348], [36.104549248747915, 4.542517026650987], [36.129173622704506, 4.529591076411913], [36.153797996661105, 4.526303135041408], [36.17748309105971, 4.523225469728601], [36.178422370617696, 4.5231050872449785], [36.20304674457429, 4.519993296152312], [36.227671118530886, 4.51696431846755], [36.25229549248748, 4.514014891759515], [36.276919866444075, 4.511141922740377], [36.301544240400666, 4.508342476444194], [36.326168614357265, 4.505613766225773], [36.350792988313856, 4.5029531445081785], [36.375417362270454, 4.50040020447919], [36.400041736227045, 4.5003211020863185], [36.42466611018364, 4.500241999693446], [36.449290484140235, 4.500162897300575], [36.473914858096826, 4.500083794907702], [36.498539232053425, 4.500004692514831], [36.523163606010016, 4.4999255901219595], [36.547787979966614, 4.499846487729088], [36.572412353923205, 4.499767385336216], [36.5970367278798, 4.499688282943344], [36.621661101836395, 4.499609180550473], [36.63175491789957, 4.4986951983298535], [36.646285475792986, 4.497365379551872], [36.670909849749584, 4.494721577083412], [36.695534223706176, 4.492010577832254], [36.720158597662774, 4.489229786939445], [36.744782971619365, 4.486376474200396], [36.76940734557596, 4.483447765123899], [36.794031719532555, 4.480440631272879], [36.818656093489146, 4.47735187981866], [36.843280467445744, 4.474178142232993], [36.84338160506139, 4.474164926931106], [36.867904841402336, 4.470915862033651], [36.892529215358934, 4.460033925554712], [36.909450943412374, 4.449634655532359], [36.917153589315525, 4.444606408837345], [36.941777963272116, 4.4271313712498985], [36.9444372850524, 4.425104384133611], [36.966402337228715, 4.407172224415925], [36.9725735593904, 4.40169712006857], [37.03694532300011, 4.376630471000112], [37.0397200000001, 4.375550000000146], [37.047235413000124, 4.370001946000116], [37.08446514800005, 4.342518084000176], [37.09514145500009, 4.334636584000123], [37.099160000000154, 4.331669999999974], [37.1222587530001, 4.298050214000057], [37.13027000000011, 4.28639000000004], [37.15162284481452, 4.2733250939534235], [37.16339732888147, 4.270528593750939], [37.188021702838064, 4.2646793463606505], [37.212646076794655, 4.258829266191747], [37.235527637514245, 4.25339248434238], [37.237270450751254, 4.252978353066367], [37.26189482470784, 4.247126606806599], [37.28651919866445, 4.24127402723448], [37.311143572621035, 4.235420614171996], [37.33576794657763, 4.229566367441086], [37.33872955398545, 4.228862212943633], [37.36039232053423, 4.223711286863631], [37.385016694490815, 4.214329872884067], [37.40088670066387, 4.204331941544886], [37.409641068447414, 4.198450696087558], [37.434265442404005, 4.180313560596356], [37.434913079056706, 4.179801670146138], [37.4588898163606, 4.159399994286491], [37.46334285095699, 4.155271398747391], [37.483514190317194, 4.135019633117793], [37.48745187278106, 4.130741127348643], [37.50779384939799, 4.106210855949896], [37.5081385642738, 4.105802605299228], [37.52967282012205, 4.081680584551148], [37.532762938230384, 4.078428528959398], [37.5542097027947, 4.057150313152401], [37.557387312186975, 4.054177515961244], [37.58192015368281, 4.032620041753654], [37.582011686143574, 4.032543950976109], [37.606636060100165, 4.01312577387523], [37.61347953386237, 4.008089770354906], [37.63126043405676, 3.9953086804215845], [37.64654359992714, 3.9835594989561587], [37.655884808013354, 3.975956736915379], [37.67528877990576, 3.9590292275574117], [37.68050918196995, 3.9541910743519093], [37.7004222696736, 3.934498956158664], [37.705133555926544, 3.929530071398264], [37.722584521039224, 3.9099686847599164]]]]}}]}