{"type": "FeatureCollection", "features": [{"type": "Feature", "properties": {"name": "FMAM rainfall contribution domain", "season": "FMAM", "method": "rainfall_domain_review", "cells": 1147, "area_km2": 822659, "pct_eth": 72.8, "ref_years": "1993-2025"}, "geometry": {"type": "MultiPolygon", "coordinates": [[[[33.122618198253946, 7.785751565762005], [33.12324846327032, 7.778217074912132], [33.25749999999999, 7.763610000000085], [33.25814697900017, 7.763541726000142], [33.423315709000065, 7.746111997000128], [33.439160000000186, 7.744440000000111], [33.449281319000136, 7.744275849000076], [33.45387855000013, 7.744201289000159], [33.45465483100014, 7.74556846400003], [33.454388352000024, 7.7449721500000805], [33.453941863000125, 7.744200262000163], [33.46360172800013, 7.744043595000051], [33.463938035000126, 7.744038141000146], [33.464440000000025, 7.744030000000066], [33.47921589300017, 7.739258028000165], [33.5115357680001, 7.728820113000097], [33.51380577400016, 7.72808699899997], [33.59459974500004, 7.701994056000103], [33.64722000000012, 7.685000000000002], [33.68145116900007, 7.671086213000137], [33.685187874000064, 7.669567371000028], [33.688881771000126, 7.668065930000068], [33.71249000000006, 7.658470000000136], [33.780475743000125, 7.606201983000119], [33.850232331000086, 7.552572524000027], [33.88555000000008, 7.525420000000167], [33.89687238000005, 7.513732845000106], [33.926267308000035, 7.483390894000024], [33.92877065900012, 7.480806892000089], [33.93059898400014, 7.478919664000102], [33.95485945399997, 7.453877589000172], [33.96179849300012, 7.446714993000114], [34.00540917700016, 7.401699294000082], [34.02771000000013, 7.378680000000031], [34.02912253600016, 7.357996237000123], [34.02946739000009, 7.352946539000072], [34.02995617200003, 7.34578930400005], [34.03059155600016, 7.336485380999989], [34.031287758000076, 7.32629089400001], [34.03278000000006, 7.304440000000056], [34.02974999999998, 7.280039999999985], [34.02862250900006, 7.266560782000113], [34.02708000000007, 7.2481200000000285], [34.09916000000004, 7.199720000000184], [34.163330000000144, 7.17167000000012], [34.17694454700012, 7.135285836999969], [34.19129983000016, 7.096922095000139], [34.19389000000007, 7.089999999999975], [34.223610000000065, 7.042500000000189], [34.235690000000034, 7.0197200000000635], [34.248797217000174, 7.0068961980000495], [34.2699422660001, 6.9862083650000955], [34.272671419000005, 6.983538224000085], [34.28055000000006, 6.97583000000003], [34.29916186700018, 6.964566983000054], [34.29957000000013, 6.964320000000157], [34.32875000000007, 6.958750000000066], [34.36097000000018, 6.959030000000155], [34.43095000000011, 6.935410000000161], [34.447943620000046, 6.926632390000066], [34.47001740000013, 6.915230756000142], [34.470093883000175, 6.915191250000078], [34.47180000000003, 6.914310000000171], [34.48697000000004, 6.87749000000008], [34.52882000000005, 6.747220000000084], [34.530005597000184, 6.746668571000043], [34.536689387000024, 6.7435598940001], [34.54362580700018, 6.7403337170000555], [34.55361000000005, 6.735689999999977], [34.60277000000002, 6.7347200000000385], [34.623499456000104, 6.730695756000102], [34.63208000000009, 6.729030000000137], [34.65472000000017, 6.716670000000136], [34.66696396100008, 6.7083186570000635], [34.67916000000014, 6.699999999999989], [34.68152864200016, 6.697940875000086], [34.70472000000001, 6.677780000000041], [34.70702908400011, 6.674952730000086], [34.73826379900015, 6.636708580000118], [34.739280539000106, 6.635463672000128], [34.756990000000144, 6.613780000000133], [34.759675713000036, 6.606644279000136], [34.850000000000136, 6.366660000000138], [34.85292277500008, 6.33204939899997], [34.85462998000003, 6.31183320100007], [34.85638000000006, 6.29111000000006], [34.859300000000076, 6.267220000000123], [34.870550000000094, 6.237500000000125], [34.92243000000013, 6.132290000000012], [34.95222000000007, 6.103470000000016], [34.96972000000011, 6.0865300000001525], [34.981380000000115, 6.061110000000099], [34.987820000000056, 6.013940000000048], [34.975830000000144, 5.964720000000057], [34.98638000000011, 5.878050000000087], [35.028330000000096, 5.81416999999999], [35.10541000000006, 5.6883300000000645], [35.10388000000012, 5.632500000000107], [35.289990000000046, 5.507780000000082], [35.29270000000008, 5.487640000000113], [35.27708000000018, 5.458050000000185], [35.27041000000003, 5.438330000000121], [35.295558285000084, 5.39135417500006], [35.3030500000001, 5.377360000000124], [35.32625000000013, 5.35708000000011], [35.352840000000185, 5.350690000000043], [35.41909000000004, 5.3984000000001515], [35.44371000000018, 5.425520000000176], [35.50470999999999, 5.431390000000022], [35.527920000000165, 5.42681000000016], [35.57000388900008, 5.413574965000123], [35.572938427000054, 5.412652077000132], [35.57760105800014, 5.41118571800007], [35.59455234700016, 5.405854678000026], [35.616086267000185, 5.399082438000107], [35.61859064300012, 5.398294832000147], [35.651489583000114, 5.387948388000098], [35.66006869800003, 5.385250327000051], [35.663946064000186, 5.384030928000186], [35.72624000000013, 5.364440000000116], [35.73432951500007, 5.359293998000112], [35.74436701600018, 5.352908819000049], [35.75375000000008, 5.346940000000075], [35.757041116000096, 5.3454338959999745], [35.76366570500011, 5.342402304000132], [35.77499000000017, 5.337220000000173], [35.79694000000018, 5.331110000000024], [35.82166000000001, 5.328610000000083], [35.798740000000066, 5.265550000000189], [35.79624000000018, 5.235140000000058], [35.80513000000013, 5.206810000000132], [35.83069000000006, 5.168400000000133], [35.82361000000009, 5.136670000000095], [35.802770000000066, 5.10528000000005], [35.77999000000017, 5.082639999999969], [35.77837669400009, 5.000076512000021], [35.77824540800003, 4.993357784000068], [35.77801413300017, 4.981521910000083], [35.77444000000014, 4.79861000000011], [35.79319552600015, 4.7788491440000485], [35.92144999999999, 4.643720000000144], [35.924720000000036, 4.640280000000075], [35.94770000000017, 4.629330000000039], [35.94826000000012, 4.611540000000161], [35.95031824900019, 4.546232119000138], [35.95111000000003, 4.521110000000135], [35.965180000000146, 4.510050000000035], [36.031047173000104, 4.458281953000096], [36.04530000000011, 4.447080000000085], [36.068684569000084, 4.4472097030000555], [36.21117000000015, 4.447999999999979], [36.26365000000004, 4.440339999999992], [36.271660000000054, 4.43916999999999], [36.36411012900015, 4.440597140000136], [36.396669843000154, 4.4410997600001565], [36.4336100000001, 4.4416700000001015], [36.447710734000054, 4.44199962600004], [36.51177495500019, 4.4434972230000085], [36.64750000000009, 4.446670000000097], [36.714253964000136, 4.433850543000176], [36.88650268400016, 4.434713650000049], [36.887770000000046, 4.434720000000084], [36.94853076900006, 4.411059489000024], [36.95148169300012, 4.4099103860000355], [37.03694532300011, 4.376630471000112], [37.0397200000001, 4.375550000000146], [37.047235413000124, 4.370001946000116], [37.08446514800005, 4.342518084000176], [37.09514145500009, 4.334636584000123], [37.099160000000154, 4.331669999999974], [37.1222587530001, 4.298050214000057], [37.13027000000011, 4.28639000000004], [37.280550000000176, 4.194439999999986], [37.50920328700005, 4.045989044000123], [37.52323828800019, 4.036876954000036], [37.54370412200012, 4.023589708000031], [37.546837040000185, 4.02155569100006], [37.550953291000155, 4.018883254000173], [37.64826015400013, 3.955707706000112], [37.943628453000144, 3.763942668000027], [37.989384206000125, 3.734236183000121], [37.998050000000035, 3.728610000000117], [38.026023561000045, 3.7045775960000924], [38.03361000000007, 3.698060000000112], [38.04007713000016, 3.6848038210001164], [38.0561100000001, 3.6519400000001383], [38.12111000000016, 3.6116700000000606], [38.280926186000045, 3.6094789020001485], [38.297984919000044, 3.609245025000064], [38.29803837100002, 3.609244292000085], [38.32234968300003, 3.608910981000122], [38.32388000000009, 3.6088900000000876], [38.33230789600003, 3.608248592000166], [38.43657600200015, 3.6003132320001328], [38.448050000000194, 3.599440000000129], [38.516940000000034, 3.6269399999999905], [38.580228120000186, 3.6117086590001577], [38.59335821900004, 3.608548682000105], [38.621940000000166, 3.6016700000001265], [38.72944000000018, 3.5672200000000203], [38.74775306300006, 3.561789276000127], [38.756302198000185, 3.5592540380001196], [38.76167255200011, 3.5576614639999775], [38.77509426400019, 3.553681266000183], [38.810000000000116, 3.5433300000000827], [38.90742454600013, 3.5156475500000965], [38.913610000000176, 3.513890000000117], [38.95638000000014, 3.5186100000000806], [38.96070974600008, 3.519106041000157], [39.00969978200004, 3.524718630000109], [39.02177182100013, 3.526101674000131], [39.03334472200015, 3.5274275340000827], [39.03875318800016, 3.5280471600000283], [39.045760263000034, 3.5288499320001847], [39.04611000000011, 3.5288900000001036], [39.08472000000012, 3.5344400000001315], [39.09058702500016, 3.5313808020001147], [39.091117958000154, 3.531103962000145], [39.09192439500015, 3.530683468000177], [39.10323938700003, 3.5247835790000863], [39.13000000000011, 3.5108300000001122], [39.19694000000004, 3.478610000000174], [39.24889000000019, 3.471390000000156], [39.29500000000007, 3.4752800000001116], [39.29613000000012, 3.4764999999999873], [39.328640000000064, 3.499649999999974], [39.33138000000014, 3.4691700000001333], [39.422490000000096, 3.4600000000000932], [39.43013704200007, 3.460674580000159], [39.45083000000017, 3.4624999999999773], [39.45865826000005, 3.460515235000173], [39.499320577000105, 3.4502057740000964], [39.49958000000004, 3.4501400000001468], [39.49975289800011, 3.4482381190001092], [39.50208000000009, 3.422640000000115], [39.5177823520001, 3.410283898999978], [39.517783494000184, 3.4102829999999926], [39.51902000000018, 3.4093100000001186], [39.55022959700011, 3.407312586000103], [39.560270000000116, 3.40667000000019], [39.58952508700014, 3.4860092570001484], [39.594990000000166, 3.5008300000001213], [39.71641582600006, 3.6156022670000993], [39.78278000000017, 3.6783300000001304], [39.80539066700004, 3.729845553000075], [39.81304742000003, 3.74729049900003], [39.824364661000175, 3.7730754050000996], [39.866660000000024, 3.869440000000054], [39.88622861500005, 3.8781192250000913], [39.93345827500008, 3.8990668940000432], [39.961042841000165, 3.911301963000085], [39.97099224900006, 3.91571465800007], [39.982768864000036, 3.920937512000023], [40.0, 3.9285800000001814], [40.18250000000006, 4.022500000000093], [40.388610000000085, 4.09889000000004], [40.39354322600008, 4.110488839000027], [40.398890000000165, 4.1230600000000095], [40.513807683000095, 4.167436986000098], [40.672220000000095, 4.228610000000174], [40.682561763000194, 4.234114173000023], [40.77110422300018, 4.281238923000046], [40.773384137000164, 4.282452356000022], [40.77434162900016, 4.281498134000117], [40.774921417000144, 4.281918049000126], [40.77838897700019, 4.280996800000025], [40.78464126600011, 4.273006916000099], [40.80250930800008, 4.262080193000088], [40.81384277400008, 4.255150794999963], [40.83068847700008, 4.248429775000034], [40.836965142999986, 4.247413371000164], [40.844100952000076, 4.246257782000043], [40.84879373800004, 4.2383928820001415], [40.85576629700006, 4.226706981000007], [40.87017554900018, 4.221903534000035], [40.87321853700007, 4.220889092000107], [40.88238144000013, 4.212838173000023], [40.88259718000006, 4.212056303000168], [40.88401031500018, 4.206934929000113], [40.88378143300008, 4.206212998000126], [40.88140106200001, 4.198857784000154], [40.88320541400009, 4.192656994000117], [40.89849090500019, 4.170742989000132], [40.90355549800006, 4.156334378000167], [40.90415954600013, 4.1546158790001755], [40.90644836400014, 4.15253686900013], [40.90821708900006, 4.152197181000076], [40.91378021200018, 4.151128769000138], [40.929805756000064, 4.144166947000031], [40.947910308000075, 4.140876769999977], [40.96508026100008, 4.132068157000106], [40.97215652500006, 4.125369072000126], [40.97716903700001, 4.116376877000164], [40.982192994000116, 4.110606192999967], [40.99341964700011, 4.1078019150000955], [41.001422882000156, 4.10270977100015], [41.00986099200003, 4.089333058000136], [41.02310943600003, 4.076626777000115], [41.026065826000035, 4.07086420100012], [41.031799316000104, 4.0715317730001175], [41.035228729000096, 4.070367813000075], [41.04071044900019, 4.064825057999997], [41.04436111500007, 4.058828831000142], [41.05285543800005, 4.0515943940000625], [41.05738830600012, 4.047733784000059], [41.060699463000105, 4.0430397990000415], [41.06536865200013, 4.036427975000095], [41.07265091000016, 4.022595882000076], [41.091869354000096, 4.013317108000081], [41.098529816000166, 3.995188952000092], [41.10013198900015, 3.993438005000087], [41.10401916500007, 3.9891951080001036], [41.10538864100005, 3.9852819450001107], [41.111816406000116, 3.987567902000137], [41.11800384500003, 3.987095117000024], [41.12258148200016, 3.9824829100000443], [41.12485504200015, 3.97419595700012], [41.133338928000114, 3.9741780760001575], [41.13562011700009, 3.9714119440000673], [41.132629395000095, 3.966588021000007], [41.13587951700009, 3.9647419450000143], [41.14889144900002, 3.9573490620000484], [41.16286087100019, 3.951335907000157], [41.168042495000066, 3.9442522670000812], [41.169265747000054, 3.942579985000066], [41.181571960000156, 3.939517975000058], [41.18587112400007, 3.941414118000182], [41.194547838000176, 3.939514512000187], [41.194898483000145, 3.9395355119999635], [41.194887694000045, 3.9394401070001663], [41.20098114000007, 3.9381060599999955], [41.20275116000016, 3.938919068000132], [41.202806425000176, 3.9400091180000913], [41.20287851200004, 3.9414310350000505], [41.203208924000194, 3.947947979000162], [41.20887756400009, 3.95072698600012], [41.214550019, 3.9535059930001353], [41.22707748400012, 3.949891091000154], [41.23011016900017, 3.9560348990000875], [41.23270416200012, 3.957459927000059], [41.23530197100018, 3.958884954000098], [41.25218963600014, 3.954701901000135], [41.27577590900006, 3.9554150110001274], [41.2772750850001, 3.951736927000127], [41.27806854300002, 3.9497940540000513], [41.281738281000116, 3.9485449790001326], [41.28655242900015, 3.9484291080000844], [41.30982971200012, 3.947866916000123], [41.31493377700008, 3.944274903000178], [41.32013320900006, 3.9438378810000927], [41.320725042000106, 3.943078165000088], [41.322647095000036, 3.9406108860001154], [41.32630920500003, 3.938761950000128], [41.32806399500009, 3.9389919980001196], [41.32975006100014, 3.9392130370000586], [41.332953257000156, 3.941771506000066], [41.33293131400018, 3.941790365000145], [41.333093903000076, 3.941883843000028], [41.33535907700008, 3.9436931049999657], [41.3389396660001, 3.946552992000079], [41.348350525000114, 3.9509010310000576], [41.35419082699997, 3.9597589970000513], [41.354564667000034, 3.9603180890001113], [41.35938263000014, 3.9609959130000902], [41.35960388200016, 3.958925009000154], [41.36578369100016, 3.954308987000104], [41.36992078500015, 3.9528318150001382], [41.37356948800016, 3.9515290260000597], [41.37540011400006, 3.9516077239999845], [41.378616333000025, 3.9517459870001517], [41.39125442500011, 3.962757110000041], [41.39469528200016, 3.9622879030000036], [41.40544891300004, 3.9532890320000433], [41.41368866000016, 3.9488968850001243], [41.41918945300006, 3.94796299900014], [41.42171478300014, 3.949336052000149], [41.42416790800013, 3.9474248940001075], [41.42591477299999, 3.9460639560001596], [41.426750183000024, 3.945413113000029], [41.427660130000106, 3.9452888910000183], [41.4301872260001, 3.944943905000116], [41.435466766000104, 3.947460890000059], [41.43556463200008, 3.9479040220001593], [41.43709182700019, 3.9548189640001397], [41.443417491000105, 3.9539199999999823], [41.44533920300012, 3.9536468990000344], [41.446718719000046, 3.9539199999999823], [41.45895767200011, 3.9563429360001123], [41.460254668999994, 3.9565989970000714], [41.46643863999998, 3.9539199999999823], [41.46826934800015, 3.9531269070001827], [41.46930268400018, 3.9535905349999894], [41.472858429000155, 3.955185891000042], [41.47536687200011, 3.9533301670001606], [41.47629165700016, 3.9526460170000064], [41.47717580400007, 3.9525255120000793], [41.4797325130001, 3.95217704800001], [41.480358356000124, 3.9536102130000472], [41.48204040600018, 3.9574620730000447], [41.484329223000145, 3.958606958000189], [41.48937988200015, 3.957902908000051], [41.49971008299997, 3.9636271000000534], [41.505668640000124, 3.96476197200019], [41.506809235000105, 3.9619979860000853], [41.50519180300006, 3.9548709390001022], [41.509769440000184, 3.954627991000052], [41.518268585000044, 3.959666967999965], [41.524032593000186, 3.9711539750001634], [41.53152771800012, 3.9750518020001664], [41.54515838600014, 3.9821400640000775], [41.550659179000036, 3.981666088000111], [41.55332961900001, 3.979262292000044], [41.554450987999985, 3.9782528880001564], [41.557064057000105, 3.975897074000102], [41.56026077200005, 3.97082710300009], [41.56689834600013, 3.9666669370001273], [41.569774627000186, 3.967925070999968], [41.57630920400004, 3.970782996000082], [41.582038879000095, 3.97122693100016], [41.58800125100015, 3.969369888000074], [41.59327316300005, 3.9700460430001385], [41.60223007200017, 3.974852085000066], [41.60818481400008, 3.9729959970001687], [41.61782074000013, 3.973889113000155], [41.62770080600012, 3.9832940100001792], [41.63159942600015, 3.982362031999969], [41.65516662599998, 3.965502024000159], [41.66387939400005, 3.965707064000071], [41.67441177400019, 3.959924935999993], [41.68062973000008, 3.969340086000102], [41.68407058700012, 3.970710039000039], [41.687511444000165, 3.9697799680000685], [41.692581177000136, 3.978048086000115], [41.71369171200007, 3.983278036000115], [41.72058868500005, 3.9924600120000946], [41.72356033300008, 3.987159967000025], [41.73020553600003, 3.9866800310001054], [41.73411941500012, 3.991499901000111], [41.73571014400005, 3.9868938920001256], [41.740749359000176, 3.9845790860001102], [41.74419021599999, 3.9859490390000474], [41.74693298300019, 3.9834098819999895], [41.7515258790001, 3.985466957000142], [41.755420685000104, 3.984766006000143], [41.75357055700016, 3.9797101020001264], [41.75376892000014, 3.978400945999965], [41.75402450600012, 3.97671794900009], [41.77257919300013, 3.9722909930000583], [41.778087616000164, 3.973886013000083], [41.78223419200009, 3.979393959000163], [41.78429031400003, 3.977318049000189], [41.785459667000055, 3.9772241910000616], [41.78726959200014, 3.9770789140000034], [41.79254913300008, 3.9793639180001037], [41.79413986200018, 3.9754478929999664], [41.79298930800019, 3.9690607100000648], [41.792980194000165, 3.9690101140001275], [41.79478836100009, 3.960262059999991], [41.79821395800013, 3.9568009380001854], [41.80210876500007, 3.955409050000128], [41.80577850300011, 3.957468032999998], [41.80990982000009, 3.9560749530000408], [41.815881264000154, 3.955929728000001], [41.82068252600004, 3.9558129310000254], [41.822153271000104, 3.954142030000071], [41.822324390000176, 3.953947623999966], [41.82250976600005, 3.9537370210000518], [41.819969177000075, 3.9482231140000863], [41.820648193000125, 3.9461500650000403], [41.82431030300006, 3.9445290560001354], [41.82936096200007, 3.9468140600000083], [41.83348846400003, 3.9458808890000228], [41.83555603000019, 3.9470250609999766], [41.836748808000095, 3.9495101790000717], [41.83811569200003, 3.952358007000157], [41.84055709900019, 3.9550199510001676], [41.84502069600012, 3.9504891670000575], [41.84545135500014, 3.9500520230001257], [41.85206985500008, 3.9501869680000254], [41.85668182400019, 3.954421997000054], [41.857317666000085, 3.95556624600016], [41.86009491300007, 3.960564049000027], [41.86045837400002, 3.9612181180000903], [41.863864897999974, 3.9637560840000674], [41.87042480700018, 3.965598267000189], [41.87815094000001, 3.96776795400001], [41.88144118200012, 3.9707085420001818], [41.88243744700003, 3.971598934000099], [41.89009094200014, 3.9784390920001442], [41.89382934600019, 3.978760004000037], [41.899071336000134, 3.9754982839999684], [41.89907836900005, 3.9754939080001463], [41.90689849900019, 3.9780080320001616], [41.91244657800013, 3.989429833000088], [41.91308975200002, 3.9907538890000183], [41.91370127500011, 3.9910006380001164], [41.92142486600011, 3.994117021000136], [41.926399231000005, 4.002608776000102], [41.93146298500011, 4.0067792680000025], [41.94345855700004, 4.016658783000082], [41.94895553600003, 4.027874947000157], [41.946910366000054, 4.039404215000161], [41.94609069800009, 4.044024944000114], [41.945991516000106, 4.044589996000184], [41.94622039800004, 4.055664063000108], [41.96691131600011, 4.080088138000065], [41.972679138000046, 4.079374790000031], [41.97422027599998, 4.080558777000022], [41.97904968300003, 4.095186233999982], [42.00000000000017, 4.093367100000137], [42.0087089540001, 4.101514816000133], [42.0353469850001, 4.132223129000124], [42.0431594850001, 4.141767979000122], [42.05113983200005, 4.151518822000185], [42.06108856200001, 4.1615390780000325], [42.069023132000154, 4.168312073000095], [42.08015823400012, 4.175356864999969], [42.08440662600009, 4.177624005000155], [42.084546373000194, 4.177797709000117], [42.0876693730001, 4.179365158000053], [42.09774017300009, 4.179727077999985], [42.11717987100002, 4.179673195000078], [42.138561303000074, 4.179476101000091], [42.19344320300013, 4.178970202000073], [42.266151204000096, 4.182680943000037], [42.326998249000155, 4.186269788000061], [42.37097930900012, 4.189451217000169], [42.41903606400007, 4.19525145800003], [42.445549011000026, 4.199364185000036], [42.45686223300015, 4.200635069000043], [42.47209939200013, 4.202346753000086], [42.47552108800005, 4.2027311330001], [42.485828399000184, 4.2033200260000285], [42.494118612000136, 4.202609002000031], [42.51674795500014, 4.202878518000091], [42.52734819200015, 4.203004767000152], [42.54262924200009, 4.204951763000167], [42.55453109700011, 4.206250191000095], [42.56571579000018, 4.20983886700003], [42.57394027700002, 4.212010860000078], [42.58508733100007, 4.214725170999998], [42.566458657000055, 4.244940942000142], [42.56378938400013, 4.246906928999977], [42.62229000000008, 4.260420000000124], [42.65611000000007, 4.264720000000125], [42.726530000000025, 4.271190000000047], [42.74083000000013, 4.272780000000125], [42.76861000000008, 4.278330000000153], [42.773574040000085, 4.279664293000167], [42.80404961100004, 4.28785587100009], [42.82252735800006, 4.292822535000141], [42.831670000000145, 4.295279999999991], [42.85569000000004, 4.304720000000032], [42.87666000000013, 4.31833000000006], [42.91999000000004, 4.3640300000001275], [42.930016069000146, 4.382227095000076], [42.933610000000044, 4.3887500000001864], [42.94652000000008, 4.44611000000009], [42.95722000000006, 4.481110000000058], [42.96888000000007, 4.504310000000089], [42.98569000000009, 4.525420000000054], [43.07580097200014, 4.600008478999996], [43.08083000000005, 4.604170000000181], [43.158190000000104, 4.666390000000035], [43.1936, 4.687780000000089], [43.32166000000012, 4.748610000000042], [43.358204501000046, 4.76497306300007], [43.35889000000003, 4.765280000000132], [43.37536834100018, 4.772406513000135], [43.38969655500017, 4.778603145000034], [43.41666782400006, 4.790267614000129], [43.4905500000001, 4.822220000000129], [43.505815417000065, 4.828205973000081], [43.50854576000012, 4.829276613000047], [43.51273194200013, 4.82118015500015], [43.53971904400015, 4.789742177999983], [43.79863191999999, 4.86921770500004], [43.823424633000116, 4.909017784000184], [43.82708475800018, 4.909497701000021], [43.83305000000007, 4.910280000000171], [43.855830000000026, 4.9138900000000945], [43.887210000000096, 4.922780000000046], [43.92222000000015, 4.934440000000052], [43.95986000000016, 4.95139000000006], [43.98194000000012, 4.963050000000067], [44.05903000000018, 4.958610000000078], [44.22167000000013, 4.948329999999999], [44.290270000000135, 4.944170000000099], [44.32596500900007, 4.942019771000048], [44.46690000000012, 4.933530000000076], [44.512770000000046, 4.930280000000096], [44.76681662800013, 4.914169387000186], [44.95083000000017, 4.902500000000032], [44.990061245000106, 4.943837621], [45.000000000000114, 4.954310000000078], [45.007840000000044, 4.962569999999971], [45.07551455100014, 5.037481979000063], [45.09611000000007, 5.0602799999999775], [45.37179705200015, 5.3610043010001505], [45.374470000000144, 5.363920000000064], [45.37922693899998, 5.369128503000184], [45.4894000000001, 5.489760000000047], [45.63371927700001, 5.6477897990001225], [45.71666000000005, 5.738610000000051], [45.896050316000185, 5.934043962000146], [45.955830000000105, 5.999170000000106], [45.98922750000014, 6.0344487759999765], [45.990270000000066, 6.035550000000171], [45.99648800099999, 6.041907228000184], [46.11398000000014, 6.162030000000129], [46.15401740800013, 6.202962279000133], [46.304530759000045, 6.357048240000097], [46.561390000000074, 6.619440000000054], [46.63407319561988, 6.6933909257262085], [46.61915692821369, 6.701630493433006], [46.60252816488755, 6.706419624217119], [46.59453255425709, 6.708565381225325], [46.5699081803005, 6.714614989691629], [46.5452838063439, 6.7199386647963655], [46.52065943238731, 6.724659675093901], [46.49603505843072, 6.72887487508691], [46.482859961903905, 6.730949895615867], [46.47141068447412, 6.732661420509165], [46.44678631051753, 6.736081534052663], [46.42216193656094, 6.739185951382426], [46.39753756260434, 6.742016454989059], [46.37291318864774, 6.744669813097245], [46.34828881469115, 6.747921186929682], [46.32366444073456, 6.751225959800454], [46.29904006677796, 6.754585458102719], [46.29255009612437, 6.755480167014614], [46.274415692821364, 6.758001052525239], [46.24979131886477, 6.761474159917052], [46.22516694490818, 6.765006245247118], [46.20054257095158, 6.768598823664666], [46.17591819699499, 6.772253462666315], [46.1512938230384, 6.7759717843764715], [46.1266694490818, 6.779755467948001], [46.12620231348958, 6.7800104384133615], [46.102045075125204, 6.793997579986808], [46.086389633485524, 6.804540709812109], [46.077420701168606, 6.8109975943596694], [46.054503947552824, 6.829070981210856], [46.052796327212015, 6.830517514644606], [46.02817195325542, 6.853162477534321], [46.02773082036602, 6.853601252609604], [46.00529719433325, 6.87813152400835], [46.00354757929883, 6.880434382008087], [45.985840811926394, 6.9026617954070995], [45.978923205342234, 6.910845208827094], [45.964400279759786, 6.927192066805846], [45.95429883138564, 6.937942767703049], [45.940655776719396, 6.951722338204593], [45.929674457429044, 6.962240557874365], [45.91421484380912, 6.976252609603341], [45.90505008347245, 6.984151179766455], [45.88459052082323, 7.000782881002088], [45.88042570951586, 7.0040099569474314], [45.85665771673964, 7.025313152400836], [45.85580133555926, 7.026120278948282], [45.83367448279175, 7.049843423799584], [45.83117696160267, 7.052753995571093], [45.813909096581824, 7.0743736951983305], [45.806552587646074, 7.084461495829216], [45.79670206341477, 7.098903966597078], [45.78192821368948, 7.122845269713724], [45.78158686110321, 7.123434237995825], [45.78068404485163, 7.147964509394573], [45.78068387090566, 7.172494780793319], [45.780683696960075, 7.197025052192067], [45.78068352301489, 7.221555323590814], [45.78068334907009, 7.2460855949895615], [45.78068317512567, 7.270615866388309], [45.78068300118164, 7.295146137787056], [45.78068282723801, 7.319676409185804], [45.78068265329476, 7.344206680584551], [45.780682479351896, 7.368736951983299], [45.78192821368948, 7.371636827141987], [45.79165844907996, 7.393267223382047], [45.806552587646074, 7.415575659211377], [45.80813628029833, 7.417797494780793], [45.82700381931051, 7.442327766179541], [45.831176961602665, 7.447312034332106], [45.848821562597635, 7.466858037578289], [45.85580133555926, 7.473971518250284], [45.87482938768515, 7.491388308977036], [45.88042570951586, 7.496266126885854], [45.90374378338115, 7.515918580375783], [45.90505008347245, 7.517080874037679], [45.929674457429044, 7.540352097905823], [45.92977111022868, 7.5404488517745305], [45.95291126458364, 7.564979123173278], [45.95429883138564, 7.566541923562304], [45.973619405961855, 7.589509394572025], [45.978923205342234, 7.59623614780337], [45.99225979664324, 7.614039665970772], [46.00354757929883, 7.6299726147475475], [46.00967208943845, 7.638569937369521], [46.02817195325542, 7.6625704961688585], [46.028601998394336, 7.663100208768268], [46.04966083212996, 7.687630480167015], [46.05279632721202, 7.691061205643615], [46.0732291286325, 7.7121607515657615], [46.07742070116862, 7.7162373207815325], [46.09978386509082, 7.73669102296451], [46.102045075125204, 7.738645471534696], [46.1266694490818, 7.758894892519954], [46.12927521400922, 7.761221294363256], [46.1512938230384, 7.782480793498138], [46.15441872256812, 7.785751565762005], [46.175918196995, 7.810250532714199], [46.17594369192729, 7.810281837160751], [46.19457883134239, 7.8348121085594995], [46.20054257095158, 7.843425696460203], [46.21086949295704, 7.859342379958248], [46.22231084727448, 7.883872651356994], [46.22516694490818, 7.896095227881529], [46.228042932482154, 7.908402922755742], [46.23377501768984, 7.932933194154489], [46.23950710289751, 7.9574634655532375], [46.24523918810519, 7.981993736951984], [46.24979131886478, 8.001474431835161], [46.25097127331287, 8.00652400835073], [46.256703358520554, 8.03105427974948], [46.26243544372822, 8.055584551148225], [46.268167528935905, 8.080114822546973], [46.27389961414358, 8.10464509394572], [46.274415692821364, 8.106786728317278], [46.279866892216305, 8.129175365344468], [46.28752253850007, 8.153705636743215], [46.296244072362796, 8.178235908141962], [46.29904006677796, 8.185437860609476], [46.306270753340854, 8.20276617954071], [46.317919241002826, 8.227296450939457], [46.322230648681185, 8.235397441057893], [46.31872457000003, 8.236580085000071], [46.10032650500011, 8.310035792999997], [46.09444239600009, 8.31201331800014], [45.93556637100011, 8.365377519999981], [45.50435861900013, 8.507762079999964], [44.69712590200015, 8.779709554000078], [44.685211176000166, 8.783657757000185], [44.661457855000094, 8.791528936000134], [44.650469999999984, 8.795170000000155], [44.1874427570001, 8.94860312700007], [44.18576915200009, 8.949157709000133], [44.115113215000065, 8.972570935000022], [44.06447894600018, 8.989349590000188], [44.01055000000014, 9.007220000000132], [43.97640554600014, 9.038078848999987], [43.8607174120001, 9.142634705000148], [43.74924187200014, 9.243383331000189], [43.72778000000005, 9.262780000000078], [43.66318181300011, 9.321660964000046], [43.65669559300011, 9.327573126000004], [43.65483813200012, 9.329266194000127], [43.627220000000136, 9.354440000000068], [43.623429761000125, 9.352866742000117], [43.5830600000001, 9.336110000000076], [43.555270000000064, 9.348470000000134], [43.54484945700017, 9.354815453000128], [43.49311627700007, 9.386311502000126], [43.44166000000001, 9.417640000000006], [43.427130520000105, 9.433188287000121], [43.42583000000013, 9.434580000000096], [43.425140000000056, 9.4608300000001], [43.426689409999994, 9.475234208000131], [43.42707571300008, 9.478825506000078], [43.427770000000066, 9.48528000000016], [43.42735680200019, 9.486000258000047], [43.40060914900016, 9.532624844999987], [43.38666000000018, 9.556940000000054], [43.38288656300017, 9.561002006000024], [43.349318824000136, 9.597136791000139], [43.348308656000086, 9.598760170000105], [43.33904849000004, 9.608239352000112], [43.33384289300017, 9.615246739000042], [43.33380989900007, 9.615231159000189], [43.33307274500004, 9.61488305500012], [43.33290629000004, 9.614804451000055], [43.32847000000015, 9.619580000000042], [43.30527000000012, 9.628330000000119], [43.283330000000035, 9.634720000000186], [43.27528000000012, 9.645560000000046], [43.267220000000066, 9.66444000000007], [43.26055000000008, 9.684720000000084], [43.246380000000045, 9.750830000000121], [43.23777000000018, 9.799300000000073], [43.22504856800009, 9.86225680200016], [43.22486000000009, 9.863190000000088], [43.22044942200006, 9.869369481000035], [43.21592794100013, 9.875704344000098], [43.204090000000065, 9.892290000000173], [43.19466512700012, 9.896465122999984], [43.18041000000005, 9.902780000000178], [43.161924820000024, 9.902780000000178], [43.147840000000144, 9.902780000000178], [43.11028000000016, 9.908890000000156], [43.0843000000001, 9.92486000000008], [43.06305000000009, 9.948750000000018], [43.05166000000008, 9.968189999999993], [43.042770000000075, 9.993060000000014], [43.03472000000016, 10.025000000000091], [43.0251181700001, 10.049861961000033], [43.01305000000008, 10.081110000000137], [42.99969964600018, 10.096115798000028], [42.98332908600014, 10.114516307000088], [42.98055000000005, 10.117640000000165], [42.97288353900012, 10.121814555000128], [42.95326000000017, 10.132500000000107], [42.9227800000001, 10.147780000000125], [42.89096999999998, 10.17208000000005], [42.87997980200015, 10.183750681000163], [42.86416000000003, 10.200550000000078], [42.85069000000004, 10.21944000000019], [42.821024679000175, 10.30245895100012], [42.81694000000016, 10.313890000000129], [42.80695883900006, 10.347169754000163], [42.80611000000005, 10.350000000000023], [42.803330000000074, 10.380549999999971], [42.80099573000001, 10.396322197000188], [42.79708000000005, 10.422780000000046], [42.78611000000012, 10.455550000000187], [42.75756395071242, 10.484595333800078], [42.75313021702838, 10.485117786797339], [42.72850584307179, 10.487968963011504], [42.70388146911519, 10.490747997310965], [42.679257095158604, 10.493457593545905], [42.654632721202006, 10.496100322114776], [42.63000834724541, 10.49867862809728], [42.605383973288816, 10.497156864084133], [42.58075959933222, 10.494540763675555], [42.55613522537563, 10.491858813768337], [42.53151085141903, 10.489108496440522], [42.50688647746244, 10.486287163740677], [42.48806781507314, 10.484081419624218], [42.482262103505846, 10.483392029184447], [42.45763772954925, 10.480420158574951], [42.43301335559266, 10.477368460083474], [42.40838898163606, 10.474233673519908], [42.38376460767947, 10.471012358714741], [42.35914023372286, 10.460380669134022], [42.35780905770233, 10.45955114822547], [42.334515859766285, 10.444055629148163], [42.32218210231007, 10.435020876826723], [42.309891485809686, 10.425365583910269], [42.292549437237966, 10.410490605427976], [42.28526711185309, 10.403756473386421], [42.26751563129428, 10.385960334029228], [42.26064273789649, 10.377903523094037], [42.24665820925335, 10.36143006263048], [42.2360183639399, 10.34890124263178], [42.225249198560945, 10.336899791231733], [42.21139398998331, 10.322379093781153], [42.20126982205519, 10.312369519832988], [42.18676961602671, 10.298839531957475], [42.1742276202136, 10.287839248434238], [42.16214524207012, 10.277806223767417], [42.14349575005576, 10.263308977035491], [42.137520868113526, 10.258899139394503], [42.11289649415693, 10.241463088050363], [42.109211071741754, 10.238778705636745], [42.08827212020033, 10.222714569334839], [42.077950952991955, 10.214248434237996], [42.06364774624374, 10.201855620785514], [42.05049066024847, 10.189718162839249], [42.03902337228715, 10.178508649206618], [42.026177057329804, 10.165187891440501], [42.01439899833055, 10.152200271080414], [42.00449858294087, 10.140657620041754], [41.98977462437395, 10.123246393206692], [41.98379339978423, 10.116127348643007], [41.96515025041736, 10.097329316844656], [41.9589904908926, 10.09159707724426], [41.94052587646077, 10.075657471851306], [41.92966758966621, 10.067066805845512], [41.91590150250417, 10.056910562914421], [41.8944652668053, 10.042536534446764], [41.89127712854758, 10.040533878234708], [41.86665275459099, 10.031048985329935], [41.84202838063439, 10.031788905299244], [41.8174040066778, 10.032535703865358], [41.7927796327212, 10.033289477395558], [41.76815525876461, 10.034050324065674], [41.74353088480801, 10.034818343902725], [41.71890651085142, 10.03559363882874], [41.69428213689483, 10.036376312705857], [41.66965776293823, 10.037166471382704], [41.64503338898164, 10.037964222742122], [41.62040901502504, 10.041990707771388], [41.61967844039241, 10.042536534446764], [41.59578464106845, 10.061934399470756], [41.590070080378254, 10.067066805845512], [41.57116026711185, 10.085660896776043], [41.56565247453008, 10.09159707724426], [41.54653589315526, 10.114359213861661], [41.54517061653932, 10.116127348643007], [41.535703689191735, 10.140657620041754], [41.53137964652867, 10.165187891440501], [41.52721664333568, 10.189718162839249], [41.52320584773282, 10.214248434237996], [41.52191151919867, 10.222360787217095], [41.51933906206765, 10.238778705636744], [41.51560866698853, 10.263308977035491], [41.51200757133332, 10.287839248434238], [41.5085291671401, 10.312369519832984], [41.5051672891792, 10.336899791231733], [41.50191617848533, 10.361430062630482], [41.498990343524824, 10.385960334029228], [41.49728714524207, 10.401667761081438], [41.49631877524593, 10.410490605427976], [41.493581136280476, 10.435020876826723], [41.490774944945024, 10.45955114822547], [41.48789759369419, 10.484081419624218], [41.48494634103908, 10.508611691022965], [41.48191830283494, 10.533141962421713], [41.47881044287983, 10.55767223382046], [41.4756195627599, 10.582202505219207], [41.47266277128548, 10.604362935390174], [41.47234229086977, 10.606732776617957], [41.46619321605108, 10.631263048016702], [41.45071827745268, 10.65579331941545], [41.44803839732888, 10.659737678536453], [41.43306954090268, 10.680323590814197], [41.42341402337229, 10.692428602173095], [41.41275436831501, 10.704853862212945], [41.39878964941569, 10.7198096471276], [41.389049944236824, 10.729384133611692], [41.3741652754591, 10.742973220195218], [41.36001699721884, 10.753914405010438], [41.34954090150251, 10.762411845331105], [41.3308942780026, 10.778444676409187], [41.32491652754591, 10.783848669647298], [41.30489360489135, 10.802974947807932], [41.30029215358932, 10.80760849542417], [41.28153847936365, 10.827505219206682], [41.27566777963272, 10.834090551983273], [41.26044467526158, 10.852035490605427], [41.25104340567613, 10.863709132286154], [41.241090953513634, 10.876565762004176], [41.22641903171953, 10.89236713862219], [41.21765737831551, 10.901096033402922], [41.20179465776294, 10.915714890815362], [41.1900917177327, 10.925626304801671], [41.17717028380635, 10.935806610328683], [41.1571953684902, 10.950156576200417], [41.15254590984975, 10.953279019239282], [41.12792153589315, 10.96861298301209], [41.10742080365044, 10.974686847599166], [41.10329716193656, 10.975904709664894], [41.07867278797997, 10.982309507761654], [41.05404841402337, 10.98877398387533], [41.02942404006678, 10.995298976003227], [41.01474748332888, 10.999217118997912], [41.00479966611018, 11.00188533790596], [40.98017529215359, 11.008533939479832], [40.95555091819699, 11.015245667139862], [40.9309265442404, 11.022021424213738], [40.924691376423645, 11.023747390396661], [40.90630217028381, 11.028862131347122], [40.88167779632721, 11.035768726920658], [40.86179296003587, 11.048277661795407], [40.85705342237062, 11.05144434304659], [40.83297922916432, 11.072807933194156], [40.83242904841402, 11.073340543796856], [40.80976001589283, 11.097338204592901], [40.80780467445743, 11.099615100859944], [40.79019981350804, 11.12186847599165], [40.784147114603364, 11.146398747390398], [40.78318030050083, 11.151995927966203], [40.77997126764902, 11.170929018789145], [40.77594914527461, 11.195459290187893], [40.77207241235357, 11.219989561586639], [40.76833332564881, 11.244519832985386], [40.76472468219043, 11.269050104384132], [40.76123977296367, 11.29358037578288], [40.75855592654424, 11.313063221547974], [40.757872341280326, 11.318110647181628], [40.75461654529048, 11.342640918580376], [40.75146692416169, 11.367171189979123], [40.75045087507676, 11.39170146137787], [40.75040336621127, 11.416231732776618], [40.75035588122422, 11.440762004175365], [40.75030842009761, 11.465292275574113], [40.75026098281345, 11.48982254697286], [40.75021356935379, 11.514352818371608], [40.75016617970068, 11.538883089770355], [40.750118813836195, 11.563413361169102], [40.75007147174243, 11.58794363256785], [40.7500241534015, 11.612473903966597], [40.75001924551407, 11.637004175365345], [40.75005858437814, 11.661534446764092], [40.75009793812063, 11.68606471816284], [40.750137306749984, 11.710594989561587], [40.75017669027466, 11.735125260960334], [40.7502160887031, 11.759655532359082], [40.750255502043764, 11.784185803757829], [40.75029493030513, 11.808716075156577], [40.750334373495676, 11.833246346555324], [40.75037383162387, 11.857776617954071], [40.75116276100966, 11.882306889352819], [40.75375943815436, 11.906837160751568], [40.75642138488726, 11.931367432150314], [40.75855592654424, 11.950601998697037], [40.75915109343656, 11.955897703549061], [40.76195118454927, 11.980427974947808], [40.76482441588367, 12.004958246346556], [40.767773691068165, 12.029488517745303], [40.770802069488994, 12.05401878914405], [40.77391277687631, 12.078549060542798], [40.7771092167654, 12.103079331941546], [40.781466763401596, 12.127609603340293], [40.78318030050083, 12.13070527305328], [40.79575260568045, 12.15213987473904], [40.80780467445743, 12.170784297420756], [40.811850714303596, 12.176670146137786], [40.83012929338629, 12.201200417536535], [40.83242904841402, 12.20406809448813], [40.85106353864418, 12.225730688935283], [40.85705342237062, 12.232149765153917], [40.87526930989241, 12.25026096033403], [40.88167779632721, 12.256412615667447], [40.89941348994667, 12.274791231732777], [40.90630217028381, 12.282512171031184], [40.9202853535011, 12.299321503131525], [40.93092654424041, 12.313250058007679], [40.93851303292104, 12.323851774530272], [40.95456906968509, 12.34838204592902], [40.95555091819699, 12.349983326705253], [40.96881973854738, 12.372912317327767], [40.97295970956934, 12.397442588726515], [40.976154288641666, 12.421972860125262], [40.9792632095627, 12.44650313152401], [40.98017529215359, 12.453826714039254], [40.98228987195886, 12.471033402922757], [40.98523749790497, 12.495563674321506], [40.98810914336602, 12.520093945720252], [40.99090770876545, 12.544624217118999], [40.99363594875668, 12.569154488517746], [40.99629648126715, 12.593684759916494], [40.99889179587726, 12.618215031315241], [40.999632754942205, 12.642745302713989], [40.999680190466435, 12.667275574112736], [40.99972764994226, 12.691805845511483], [40.99977513338779, 12.716336116910231], [40.999822640821215, 12.74086638830898], [40.9998701722607, 12.765396659707726], [40.99991772772445, 12.789926931106473], [40.99996530723069, 12.81445720250522], [41.00001291079765, 12.838987473903966], [41.0000605384436, 12.863517745302715], [41.00036722805557, 12.888048016701465], [41.000926338906254, 12.91257828810021], [41.00151987606458, 12.937108559498958], [41.00215112014236, 12.961638830897705], [41.00282378225524, 12.986169102296452], [41.00354207703498, 13.010699373695198], [41.00431081102262, 13.035229645093946], [41.00479966611018, 13.04998166723394], [41.00513549036049, 13.059759916492693], [41.00602245288403, 13.08429018789144], [41.006979031316696, 13.10882045929019], [41.00917265298404, 13.133350730688933], [41.01487040384447, 13.157881002087683], [41.02351849589678, 13.18241127348643], [41.02942404006678, 13.194078765968642], [41.03820905975895, 13.20694154488518], [41.05404841402337, 13.222264915539833], [41.068675274478906, 13.231471816283925], [41.07867278797997, 13.23617061204281], [41.10329716193656, 13.244455023030977], [41.12792153589315, 13.24951673957555], [41.15254590984975, 13.250457798945579], [41.17717028380635, 13.251326535813797], [41.20179465776294, 13.25213097888553], [41.22641903171953, 13.252878010889306], [41.25104340567613, 13.253573565995877], [41.27566777963271, 13.254222787784949], [41.30029215358931, 13.25483015666135], [41.32491652754591, 13.255399593398531], [41.34954090150251, 13.255934543869648], [41.35275979788817, 13.256002087682672], [41.3741652754591, 13.256438048836642], [41.39878964941569, 13.261490179624559], [41.42341402337229, 13.267021765260996], [41.44803839732888, 13.272909160381596], [41.47266277128548, 13.27918783601784], [41.477731364754675, 13.28053235908142], [41.49728714524207, 13.285898140123637], [41.52191151919867, 13.293086165572483], [41.54653589315526, 13.30080481038101], [41.55938359143744, 13.305062630480167], [41.57116026711185, 13.309115081727814], [41.59578464106845, 13.318087711777352], [41.62040901502504, 13.327805175901133], [41.62260663325911, 13.329592901878915], [41.627051996153206, 13.333490148019806], [41.611682396000106, 13.347506613000178], [41.57809238800013, 13.385726673000079], [41.53122235100017, 13.43313676300005], [41.45948300800001, 13.501189471999965], [41.439702252000075, 13.51949696100013], [41.41867221700011, 13.537497010000095], [41.3784621420001, 13.569927111000084], [41.350412115000154, 13.59739716900009], [41.31370206000008, 13.630287251000084], [41.29080207800013, 13.662267277000069], [41.269264600000156, 13.689142551999964], [41.25037208800018, 13.712717340000154], [41.21587205100013, 13.747537406999982], [41.19152200300016, 13.767837467999982], [41.16864197700011, 13.789427512000088], [41.09920527700018, 13.85717662500008], [41.07730185700012, 13.878547704000084], [41.015591746999974, 13.932477847000143], [40.970851659999994, 13.970047955000098], [40.836741396000036, 14.084148277000168], [40.67135013600006, 14.21315019400015], [40.667984655, 14.211366589000079], [40.67129652900013, 14.213192006000043], [40.65053094300009, 14.229388753000023], [40.62798780700018, 14.244860054000128], [40.54559062700008, 14.301409044000138], [40.539053860288696, 14.305421775776052], [40.53693656093489, 14.297253952141602], [40.53415860039149, 14.286273486430064], [40.5281636123683, 14.261743215031316], [40.52244370482568, 14.237212943632569], [40.516980369262534, 14.212682672233822], [40.512312186978306, 14.190813027648147], [40.51175672118785, 14.188152400835074], [40.506757325822754, 14.163622129436327], [40.50196804577861, 14.139091858037578], [40.50311358232814, 14.114561586638832], [40.5123121869783, 14.092171984289296], [40.513275506093024, 14.090031315240084], [40.52557907001591, 14.065501043841337], [40.53693656093489, 14.046672573084981], [40.54078105062113, 14.04097077244259], [40.56004238545139, 14.016440501043842], [40.56156093489149, 14.01475004591576], [40.58523955230726, 13.991910229645097], [40.58618530884808, 13.99111641229978], [40.61080968280467, 13.972914248305102], [40.618614687321035, 13.967379958246347], [40.63543405676127, 13.955658578438985], [40.649397130406186, 13.9428496868476], [40.66005843071787, 13.931822673181943], [40.671685965295026, 13.918319415448853], [40.68468280467446, 13.901020292254273], [40.68957996252728, 13.893789144050105], [40.69881126909978, 13.869258872651358], [40.686358093588034, 13.84472860125261], [40.68468280467446, 13.84212684771698], [40.6661879542906, 13.820198329853863], [40.66005843071786, 13.814888823572234], [40.63543405676127, 13.799212655604943], [40.616864485323816, 13.795668058455115], [40.61080968280467, 13.794640923203561], [40.58618530884808, 13.79500627059436], [40.56156093489149, 13.795335755802427], [40.53693656093489, 13.79563441209812], [40.53401006455551, 13.795668058455114], [40.512312186978306, 13.795906372952436], [40.4876878130217, 13.796155064506793], [40.46306343906511, 13.796383350665842], [40.43843906510851, 13.796593643882657], [40.41381469115192, 13.796787990741752], [40.38919031719533, 13.79696813878418], [40.36456594323873, 13.805224729267497], [40.34710448290349, 13.820198329853863], [40.33994156928214, 13.826878267608786], [40.32243708342901, 13.84472860125261], [40.31531719532554, 13.85268554915801], [40.30165538885254, 13.869258872651358], [40.29624993840728, 13.893789144050107], [40.29493713437617, 13.918319415448853], [40.293624745634496, 13.942849686847602], [40.29231277198523, 13.967379958246347], [40.29100121323147, 13.991910229645095], [40.29069282136895, 13.997679253539722], [40.28969006917643, 14.016440501043842], [40.28837933962347, 14.04097077244259], [40.28706902437606, 14.065501043841337], [40.28575912323779, 14.090031315240084], [40.284449636012376, 14.114561586638832], [40.28225812499296, 14.139091858037578], [40.27934469679013, 14.163622129436327], [40.276340985211945, 14.188152400835076], [40.27324272756296, 14.212682672233822], [40.27004538850815, 14.237212943632569], [40.26674413792137, 14.261743215031316], [40.26606844741235, 14.266667602693584], [40.263333826538386, 14.286273486430064], [40.25980895915635, 14.310803757828811], [40.25616366508655, 14.335334029227559], [40.25239166552579, 14.359864300626306], [40.24253757746855, 14.384394572025053], [40.24144407345575, 14.385738247669119], [40.22144588606659, 14.4089248434238], [40.21681969949917, 14.413939528430722], [40.19767074277945, 14.43345511482255], [40.19219532554257, 14.438694390136787], [40.170665241788356, 14.457985386221296], [40.16757095158599, 14.460598221590507], [40.14294657762938, 14.480116736495233], [40.139735032242825, 14.482515657620043], [40.1221337485509, 14.495323384808513], [40.08904863200013, 14.490250559000174], [40.07530855800013, 14.493950612000162], [40.05525840200016, 14.486900711000146], [40.04320826500009, 14.473740792000115], [40.02819810100016, 14.45798088500004], [40.01021790500016, 14.439631002000112], [39.98568332100018, 14.432741424000085], [39.98425632200019, 14.432340698000132], [39.98085004700016, 14.440779718000101], [39.978061055000126, 14.438037349000126], [39.97459895000014, 14.434633119000011], [39.97238320500003, 14.432454415000052], [39.97149884500004, 14.431584838000163], [39.97135219000006, 14.42632820600005], [39.97000771100011, 14.425401455000042], [39.96464540200009, 14.421705210000027], [39.95871524400002, 14.418309519000161], [39.95798398200009, 14.41789078800008], [39.95633320500002, 14.416079448999994], [39.954459174000135, 14.41402314100003], [39.94986367500013, 14.410645311000167], [39.94465840000015, 14.409453125000141], [39.93846445600013, 14.40874957699998], [39.93203969500013, 14.41205119600005], [39.92375602400011, 14.414994940999975], [39.911406325000144, 14.422928815000091], [39.90029778100012, 14.43182750800014], [39.89523720300008, 14.43585016600008], [39.89050024200009, 14.443572233000168], [39.89041900400014, 14.443637146000128], [39.87982183000014, 14.452104808000115], [39.87255345300014, 14.461897605000104], [39.866738838000174, 14.463496205000013], [39.861917960000085, 14.465819361000058], [39.85661611400013, 14.472026032000144], [39.84684096700005, 14.474487311000132], [39.84141007400018, 14.4794003720001], [39.83131514100006, 14.484855217000188], [39.825682792000066, 14.48014325500003], [39.8199807260001, 14.478950498000188], [39.81318087400007, 14.48237148600009], [39.81010288900018, 14.487477216000116], [39.80671807300007, 14.49337277800015], [39.80100967700008, 14.499225404000185], [39.799472810000054, 14.499402264000025], [39.79784599200008, 14.499589475000164], [39.792610100000104, 14.500192012000014], [39.791543556000136, 14.506339999000033], [39.78544922800006, 14.51108458300007], [39.779959254000175, 14.518912237000052], [39.77687347800014, 14.522542392000105], [39.77452876000012, 14.527145002999987], [39.76849076700012, 14.533188418000066], [39.76678566700008, 14.540761419000034], [39.758059969000044, 14.543492206000167], [39.750274881000166, 14.54521633000013], [39.74195591600011, 14.546169638000151], [39.73452188500005, 14.547004037000022], [39.72879554300005, 14.546790339000097], [39.722192330000155, 14.549011790000122], [39.71519684000009, 14.551658998000164], [39.70933267900011, 14.551368027000137], [39.7048608770001, 14.555783412000153], [39.69904877500011, 14.562009805000116], [39.6967570700001, 14.569013244000018], [39.68958133500013, 14.577259067000057], [39.68479826100014, 14.583218762000172], [39.68028972600007, 14.588753205000046], [39.67794776300019, 14.588549933000081], [39.67683170000009, 14.588453064000191], [39.67383329100011, 14.58819281500007], [39.66676894000011, 14.592030397000144], [39.6665445110001, 14.592152314000032], [39.662942036000175, 14.591232005000165], [39.65742630600016, 14.589822925000078], [39.65007620500012, 14.593067764000068], [39.64299966200019, 14.595809658999997], [39.637687754000126, 14.598433770000156], [39.63369243700009, 14.602901373000066], [39.62880859900008, 14.608764478000126], [39.62579911100016, 14.619719051000118], [39.624466158000075, 14.628467578000027], [39.62268647900015, 14.635943927000028], [39.618086970000036, 14.638273008000056], [39.611016262000135, 14.643678247000139], [39.60582939300019, 14.64710910700012], [39.60082321100003, 14.651987372000065], [39.595582580000155, 14.657483938000098], [39.591224960000034, 14.662146833000179], [39.58556284300005, 14.664767611000116], [39.580042941000045, 14.667793331000041], [39.57518228700019, 14.669890578000093], [39.56963081800012, 14.669904329000076], [39.563476795000156, 14.669849908999993], [39.55551308300011, 14.668780316000039], [39.549275001000126, 14.669644719000075], [39.54411879300005, 14.670351952999965], [39.53744321500011, 14.669518097000093], [39.5303008460001, 14.671040517000108], [39.52283713200018, 14.67404040200006], [39.516531680000185, 14.676742893000153], [39.51578644400013, 14.67706229800018], [39.51466732800009, 14.676043332000063], [39.51211672500017, 14.673720982000134], [39.51173321100009, 14.673371788000168], [39.509986414000025, 14.67178131300011], [39.502946064000184, 14.676816245000168], [39.50267493900003, 14.67701014100004], [39.50049272900014, 14.670714334000024], [39.49974630500003, 14.664130593000039], [39.497110921000115, 14.65434751000015], [39.496561759000144, 14.653714812000032], [39.494604179000135, 14.651459456000111], [39.492749487000026, 14.649322638000058], [39.492207275000055, 14.64869794700013], [39.490311444000156, 14.647006157000135], [39.48836923100015, 14.645272977000104], [39.48668225600011, 14.640527434000091], [39.486579559000006, 14.64023854200019], [39.487615183000116, 14.632748171000117], [39.490078848999985, 14.625035714000148], [39.48577646900003, 14.617767449000155], [39.482085784000105, 14.61012995800013], [39.477534216000095, 14.60362931900005], [39.47777239700014, 14.597611129000029], [39.48181512000008, 14.594009435000089], [39.48585447500005, 14.58911930000005], [39.49167953, 14.582474713000124], [39.493167781000125, 14.574088635000123], [39.494401290000155, 14.564362904000006], [39.49661329400004, 14.55667124200005], [39.49876629700009, 14.550771170000019], [39.50038652500007, 14.543799707000119], [39.49917396000018, 14.536829990000115], [39.49673462200013, 14.526917309000169], [39.494969999000034, 14.516880439000147], [39.49325313200018, 14.509462223000128], [39.49212093800014, 14.508911391000026], [39.49079847000013, 14.507071990000156], [39.48872396400009, 14.505602582000051], [39.488237601000094, 14.504341089000036], [39.48815579200016, 14.504128898000147], [39.48784743600004, 14.503978873999984], [39.48509653200017, 14.501425029000188], [39.47887689700008, 14.498950951000097], [39.472642061000045, 14.498251100000004], [39.47102136000012, 14.504413501000158], [39.46776922900011, 14.508399233000091], [39.46932027900016, 14.515609184000027], [39.461865075000105, 14.513045958000077], [39.45708247500016, 14.507242945000144], [39.452093179000144, 14.510938678000116], [39.452340831000015, 14.51980909000008], [39.453263403000165, 14.526868381000043], [39.44580036000002, 14.524455656000157], [39.44553828800019, 14.524370930999964], [39.43811430400001, 14.520607363000124], [39.43733764700016, 14.520213643999966], [39.43547703300004, 14.51927040600009], [39.432944690000056, 14.521288703000039], [39.429432810000094, 14.524087699000177], [39.42909890300007, 14.524353825000162], [39.42872564800018, 14.527034432000164], [39.42821942900014, 14.53066994500017], [39.425312954000105, 14.530673701000126], [39.41999606600018, 14.530680573000154], [39.41218552800018, 14.531004735000124], [39.405459977000135, 14.535003319000054], [39.40427817500006, 14.535543463000181], [39.398463254000035, 14.53820118200008], [39.39221672400009, 14.537165231000074], [39.39123198300007, 14.537001917000055], [39.38562336100017, 14.536111942000048], [39.38470119800019, 14.535965615000066], [39.38363392500008, 14.535796259000108], [39.37894591400004, 14.536310471000036], [39.374734359, 14.536772422000126], [39.368698579000124, 14.53831389700008], [39.364601430000164, 14.533988573000101], [39.367652725000085, 14.526647714000148], [39.36857718800013, 14.518689579000124], [39.36478373900002, 14.51183899800003], [39.36464812000008, 14.50582138700014], [39.369377376000045, 14.499794964000046], [39.37114900600011, 14.494614944999967], [39.3647156670001, 14.49626209000013], [39.35803436599997, 14.500519620000148], [39.35338979400012, 14.50501248500018], [39.3469886470001, 14.508296846000064], [39.34003720100009, 14.511298623000187], [39.340012122000076, 14.511309453000024], [39.335834758000146, 14.507164739000075], [39.33024704500008, 14.503251132000173], [39.32404566700018, 14.498269948000143], [39.32365521200012, 14.493929697000112], [39.323574646, 14.493034089000105], [39.32351797400014, 14.492404129000022], [39.32655491300011, 14.486521983000046], [39.32997287900014, 14.480452585000023], [39.32998226900003, 14.480435911000086], [39.32992836300019, 14.480429818000005], [39.329423257000144, 14.480372719000002], [39.32198434900016, 14.479531802000167], [39.315792318000035, 14.479036555000107], [39.31450812500009, 14.47893384400004], [39.31424750600013, 14.478912999000045], [39.31384799400007, 14.478881045000037], [39.31410771900016, 14.47592503400017], [39.31433431200003, 14.47334610300004], [39.31433437200019, 14.473304121000126], [39.314345168000045, 14.465759974000036], [39.3163074150001, 14.45984050700008], [39.31680461600013, 14.459774659000118], [39.322358639000015, 14.459039095000037], [39.321948389, 14.458477784000024], [39.31889641300012, 14.45430189800004], [39.318375674000094, 14.453589399000123], [39.317828947000066, 14.452841337000052], [39.31915974800012, 14.452157505000116], [39.32329159200003, 14.450034359000142], [39.320196808000105, 14.44260911800012], [39.31991736500004, 14.44193865699998], [39.31481294600019, 14.437557153], [39.30750468700006, 14.4361808700001], [39.29771405500003, 14.436182551000172], [39.29735304600007, 14.43010549800016], [39.29788537400009, 14.424202780000087], [39.30105748900007, 14.41822519100009], [39.30087197800009, 14.412589061000062], [39.30083248300008, 14.41138907400017], [39.2928942800001, 14.410583641000017], [39.29024481699997, 14.404734747000134], [39.28323934600007, 14.40390136800005], [39.27597166200002, 14.402184833000035], [39.27584525200007, 14.402154977000066], [39.26845772500013, 14.39767383100019], [39.26820871600006, 14.397522779000099], [39.26790386100015, 14.397342639000158], [39.26072509400012, 14.393100468000057], [39.2554306940001, 14.392346763000148], [39.249747945000024, 14.39226004600016], [39.248121663999996, 14.399418756000046], [39.24690451900011, 14.404719690000093], [39.246763843, 14.40533429300001], [39.24664974600006, 14.405436267000141], [39.2397550070001, 14.41159840299997], [39.23552415300014, 14.42054658700016], [39.23445161300003, 14.423301962000153], [39.23179212200017, 14.430761323000127], [39.22738951200006, 14.436938432999966], [39.22418321200013, 14.443325086000073], [39.22311181800012, 14.448807679000083], [39.22100254800006, 14.453800363000028], [39.220875143000114, 14.46103241000003], [39.21934185100008, 14.46855598400009], [39.218892850000145, 14.470759147000024], [39.21913150100005, 14.47818563900006], [39.214479966000056, 14.482848699000044], [39.21154648300006, 14.487516619000132], [39.208486129000164, 14.49305225300003], [39.21186189500003, 14.494292123000093], [39.216707959000075, 14.496072012000184], [39.21760728500004, 14.497286051000003], [39.219880047000174, 14.500354147000053], [39.22305240000003, 14.504908607999994], [39.22790438000004, 14.51164943100008], [39.23145288300009, 14.51916675800004], [39.23202440800003, 14.530971578000162], [39.23231393700007, 14.54031454800014], [39.233157091000066, 14.541307179000114], [39.23364699900009, 14.541883939000058], [39.236256862999994, 14.544956485000057], [39.23854180700005, 14.547646510000163], [39.23956062900015, 14.55280051200009], [39.24012713900015, 14.555666364000047], [39.23815993700009, 14.5606821880001], [39.23863151300003, 14.565882257000055], [39.233182164000084, 14.568162599000061], [39.230554387000154, 14.568184557000109], [39.22646718300001, 14.568218709999996], [39.22153671300009, 14.572458615000073], [39.22103383000018, 14.578936453000154], [39.22098471400017, 14.579569139000057], [39.21865262100005, 14.584996107000052], [39.21587038700005, 14.591470591000189], [39.21233452400014, 14.597535343000175], [39.20805241700015, 14.603312423000148], [39.20372349100006, 14.60763896300017], [39.20032289200003, 14.611037689], [39.19417282800009, 14.613412967999977], [39.1870593270001, 14.61597121200009], [39.17767757800004, 14.618530823000071], [39.16947027600003, 14.61975087500008], [39.15745043300018, 14.620278210000151], [39.133428855000034, 14.615534405999995], [39.131879930000025, 14.61516266000018], [39.12466441900017, 14.613430921000145], [39.11395285200018, 14.617623675000118], [39.11282808100009, 14.618901404000098], [39.10959903100007, 14.622569573000078], [39.10438230400001, 14.630032119000077], [39.09759636400008, 14.63337326200002], [39.09173624500005, 14.632802619000188], [39.08684172400018, 14.633338327000104], [39.08073694700016, 14.63651403300014], [39.07532885800009, 14.633416390000036], [39.06749792900007, 14.633722919000093], [39.06147022600004, 14.636277005000068], [39.05519289400007, 14.636187313000107], [39.04841822200012, 14.635490076000053], [39.04537732703259, 14.633820004120262], [39.04206996680706, 14.629697286012526], [39.03796073568823, 14.60516701461378], [39.037153788895964, 14.580636743215033], [39.036354610523695, 14.556106471816285], [39.03556308892975, 14.531576200417538], [39.034849749582634, 14.509265701279343], [39.034779114601506, 14.50704592901879], [39.03400258010487, 14.482515657620043], [39.033233380035156, 14.457985386221296], [39.0324714109695, 14.433455114822548], [39.03171657142037, 14.4089248434238], [39.03096876179058, 14.384394572025053], [39.034849749582634, 14.37264262797709], [39.03921266629076, 14.359864300626306], [39.054408224208025, 14.33533402922756], [39.05947412353923, 14.327775500273422], [39.07159380376923, 14.310803757828811], [39.08409849749582, 14.294768829201313], [39.09118771837987, 14.286273486430064], [39.10872287145242, 14.266893782602159], [39.113859972522626, 14.261743215031316], [39.13334724540901, 14.242682019682672], [39.138784371735, 14.237212943632569], [39.15797161936561, 14.216329135697862], [39.16108780082968, 14.212682672233822], [39.18047844299193, 14.188152400835074], [39.1825959933222, 14.185264400536719], [39.197491928971445, 14.163622129436327], [39.2072203672788, 14.148100041977797], [39.212540145475835, 14.13909185803758], [39.22310029476541, 14.114561586638832], [39.22943088497897, 14.090031315240084], [39.23184474123539, 14.080737049465599], [39.23582006507296, 14.065501043841337], [39.24226865220654, 14.040970772442591], [39.24877747880585, 14.016440501043842], [39.25534739292222, 13.991910229645095], [39.25646911519199, 13.987744907711969], [39.26197925860052, 13.967379958246347], [39.268673956258, 13.9428496868476], [39.2754323830739, 13.918319415448853], [39.28109348914858, 13.897950121888616], [39.282255453390256, 13.893789144050105], [39.29174496644704, 13.869258872651358], [39.30571786310517, 13.851654364487631], [39.31168858259239, 13.84472860125261], [39.33034223706177, 13.825064195872127], [39.33539322425216, 13.820198329853863], [39.35496661101836, 13.80291800791845], [39.365174333815844, 13.795668058455117], [39.37959098497496, 13.78608042150594], [39.40421535893155, 13.778693894341576], [39.42883973288815, 13.771306262521994], [39.42940125053108, 13.771137787056368], [39.45346410684474, 13.76391752579938], [39.47808848080133, 13.756527683925833], [39.50271285475793, 13.749136736653389], [39.511138599099866, 13.74660751565762], [39.52733722871452, 13.741744683734002], [39.55196160267112, 13.734351524919557], [39.57658597662771, 13.726957259961862], [39.59283538231179, 13.722077244258873], [39.60121035058431, 13.719561888612654], [39.6258347245409, 13.711810862394941], [39.64429031195426, 13.697546972860126], [39.65045909849749, 13.692370023098473], [39.67138784072963, 13.673016701461378], [39.67508347245409, 13.669278378557912], [39.693898213150625, 13.648486430062631], [39.69970784641069, 13.641166172217343], [39.712332091070266, 13.623956158663884], [39.71658355127089, 13.599425887265138], [39.72067716132941, 13.574895615866389], [39.72433222036728, 13.552195617744754], [39.72462155211785, 13.550365344467641], [39.72842473655019, 13.525835073068894], [39.732094163915946, 13.501304801670148], [39.735636768580164, 13.476774530271399], [39.73905901371958, 13.45224425887265], [39.74236693067561, 13.427713987473906], [39.7455661544279, 13.403183716075157], [39.74866195562776, 13.37865344467641], [39.746955350658894, 13.354123173277662], [39.744360758858654, 13.329592901878915], [39.7417017260707, 13.305062630480169], [39.738975821358764, 13.28053235908142], [39.73618048995843, 13.256002087682672], [39.73331304529093, 13.231471816283925], [39.730370660350765, 13.206941544885177], [39.72735035840912, 13.18241127348643], [39.72433222036728, 13.158530728624077], [39.72424900296889, 13.157881002087684], [39.72106328689988, 13.133350730688935], [39.710835573888744, 13.108820459290188], [39.69970784641068, 13.090633273053626], [39.69558748388664, 13.08429018789144], [39.67833471865326, 13.059759916492693], [39.67508347245409, 13.055472208488741], [39.65865412860614, 13.035229645093946], [39.65045909849749, 13.025940903281914], [39.6359944586097, 13.010699373695198], [39.6258347245409, 13.000787478471581], [39.61095156987435, 12.986169102296452], [39.60121035058431, 12.975890992989864], [39.58868062070517, 12.961638830897705], [39.57658597662771, 12.946691380723044], [39.56933755365712, 12.937108559498958], [39.55236203175843, 12.91257828810021], [39.55196160267112, 12.911960983476304], [39.53734444957512, 12.888048016701463], [39.528478217752905, 12.863517745302715], [39.52733722871452, 12.855041256655376], [39.525205383289325, 12.838987473903968], [39.522019510256705, 12.81445720250522], [39.5189171781612, 12.789926931106475], [39.515895143573886, 12.765396659707726], [39.51295032881976, 12.740866388308978], [39.51007981152287, 12.716336116910231], [39.50728081493282, 12.691805845511482], [39.504550698965566, 12.667275574112736], [39.50271285475793, 12.650415310602478], [39.50188695189754, 12.642745302713989], [39.499282415549814, 12.618215031315241], [39.496647542897186, 12.593684759916494], [39.493947384168116, 12.569154488517746], [39.491179482466556, 12.544624217118997], [39.48834125605062, 12.520093945720252], [39.48542999030053, 12.495563674321504], [39.482442829058556, 12.471033402922757], [39.47937676528247, 12.44650313152401], [39.47808848080133, 12.43638587666484], [39.476228630948626, 12.421972860125262], [39.47299508613326, 12.397442588726515], [39.468819738547374, 12.372912317327767], [39.4545690696851, 12.34838204592902], [39.45346410684474, 12.346594751574589], [39.43851303292104, 12.323851774530272], [39.42883973288815, 12.310434883795171], [39.4202853535011, 12.299321503131525], [39.40421535893155, 12.280136275149953], [39.39941348994667, 12.274791231732777], [39.37959098497496, 12.254380663108257], [39.375271233751576, 12.25026096033403], [39.354966611018355, 12.229941313497317], [39.351063538644176, 12.225730688935283], [39.33034223706177, 12.201467868821483], [39.33012929338629, 12.201200417536533], [39.311850714303596, 12.176670146137788], [39.30571786310517, 12.167677989920644], [39.29575260568045, 12.15213987473904], [39.281466763401596, 12.127609603340293], [39.28109348914858, 12.125559232554533], [39.27707466609818, 12.103079331941546], [39.27383926642878, 12.078549060542798], [39.270689350255594, 12.054018789144052], [39.267621573872276, 12.029488517745303], [39.26463276571448, 12.004958246346558], [39.261719915422795, 11.980427974947808], [39.25888016372898, 11.955897703549061], [39.25646911519199, 11.934575959949411], [39.25611079309435, 11.931367432150314], [39.253409219035575, 11.906837160751564], [39.250772982079894, 11.882306889352819], [39.24816327382686, 11.857776617954071], [39.2454922688371, 11.833246346555324], [39.242754377507, 11.808716075156577], [39.239947055564905, 11.784185803757829], [39.237067628040805, 11.759655532359082], [39.23411328076471, 11.735125260960334], [39.23184474123539, 11.716712795535672], [39.23108105119275, 11.710594989561587], [39.22796781849799, 11.686064718162841], [39.224770292856306, 11.661534446764092], [39.22148500385025, 11.637004175365345], [39.212452706951765, 11.612473903966597], [39.2072203672788, 11.604066767084023], [39.19651430691121, 11.58794363256785], [39.1825959933222, 11.568908651402406], [39.178289670924954, 11.563413361169104], [39.15797161936561, 11.539667191131054], [39.15724887924136, 11.538883089770357], [39.133347245409006, 11.51496475991766], [39.132611459045556, 11.514352818371608], [39.10872287145242, 11.49430360864529], [39.10342361128582, 11.48982254697286], [39.08409849749582, 11.472548725196935], [39.07646573806841, 11.465292275574111], [39.05947412353923, 11.448160815353166], [39.05254973523149, 11.440762004175365], [39.034849749582634, 11.420631069366873], [39.0311882416847, 11.416231732776618], [39.01199272980011, 11.39170146137787], [39.01022537562604, 11.389258588208481], [38.99447678351454, 11.367171189979123], [38.98560100166945, 11.355200720681172], [38.975680239593714, 11.342640918580376], [38.96097662771285, 11.32545215339661], [38.9542579094279, 11.318110647181628], [38.93635225375626, 11.29993756451104], [38.929618261521426, 11.29358037578288], [38.91172787979967, 11.277813100579197], [38.900977660174746, 11.269050104384133], [38.88710350584307, 11.258445184177631], [38.86803956538063, 11.244519832985386], [38.862479131886474, 11.240466396678514], [38.83785475792988, 11.22049897203821], [38.8372626441214, 11.219989561586639], [38.81323038397329, 11.198006921382921], [38.81062462037053, 11.195459290187893], [38.78860601001669, 11.172479122140333], [38.787210648432854, 11.170929018789145], [38.76646880838858, 11.146398747390398], [38.7639816360601, 11.143205773479515], [38.748026553555334, 11.12186847599165], [38.7393572621035, 11.109929052741204], [38.729625238151996, 11.097338204592901], [38.71473288814691, 11.07956048161624], [38.70868625543903, 11.072807933194156], [38.690108514190314, 11.053549947949577], [38.684645785579725, 11.048277661795407], [38.66548414023372, 11.031022156954126], [38.65675962309603, 11.023747390396661], [38.64085976627713, 11.011321505176017], [38.624084682330285, 10.999217118997912], [38.61623539232053, 10.99367553086638], [38.59161101836395, 10.974954323978613], [38.59127719723993, 10.974686847599166], [38.566986644407336, 10.954131372576047], [38.56258073666151, 10.950156576200417], [38.54236227045075, 10.930831698190724], [38.53723404193583, 10.925626304801671], [38.517737896494154, 10.904585480665988], [38.51468292628814, 10.901096033402922], [38.494489060324746, 10.876565762004176], [38.49311352253756, 10.874589454286742], [38.47666000873515, 10.852035490605427], [38.46848914858097, 10.841547606236857], [38.45691045471658, 10.827505219206682], [38.44386477462437, 10.812733459287411], [38.43471228697926, 10.802974947807932], [38.41924040066778, 10.787505031657375], [38.40958002947862, 10.778444676409187], [38.39461602671119, 10.765232203753454], [38.37839479609999, 10.753914405010438], [38.36999165275459, 10.748326646714164], [38.345367278797994, 10.743738895788553], [38.3207429048414, 10.739260077927273], [38.29611853088481, 10.734886358837997], [38.27149415692821, 10.73061408209058], [38.264297545804766, 10.729384133611692], [38.24686978297162, 10.72643975892211], [38.222245409015024, 10.72236005873527], [38.19762103505843, 10.71837180023559], [38.172996661101834, 10.714471943158058], [38.14837228714524, 10.71065758053783], [38.123747913188645, 10.706901770051976], [38.111755551156065, 10.704853862212946], [38.09912353923205, 10.702661164805571], [38.074499165275455, 10.698278413122122], [38.049874791318864, 10.693746245980988], [38.02525041736227, 10.689056890140105], [38.000626043405674, 10.68420202364478], [37.981559518439425, 10.680323590814197], [37.97600166944908, 10.67917272654092], [37.951377295492485, 10.673959426178605], [37.92675292153589, 10.668551836400379], [37.902128547579295, 10.662938889801424], [37.877504173622704, 10.657108662123008], [37.87602552891572, 10.65579331941545], [37.85287979966611, 10.63359601114146], [37.85080097951596, 10.6312630480167], [37.85287979966611, 10.62649556457378], [37.86256275833356, 10.606732776617955], [37.877504173622704, 10.592890499824776], [37.902128547579295, 10.58705638907394], [37.92335006881049, 10.582202505219207], [37.92675292153589, 10.58143861994074], [37.951377295492485, 10.576025377848136], [37.97600166944908, 10.570805693109534], [38.000626043405674, 10.565769366729997], [38.02525041736227, 10.5609069038919], [38.042116140009995, 10.55767223382046], [38.049874791318864, 10.556209454212295], [38.074499165275455, 10.551668757981107], [38.09912353923205, 10.547277097693076], [38.123747913188645, 10.543027254275145], [38.14837228714524, 10.539246317852303], [38.172996661101834, 10.535403419075973], [38.18723075625891, 10.533141962421713], [38.19762103505843, 10.531472233782694], [38.222245409015024, 10.527449684184603], [38.24686978297162, 10.523332547750712], [38.27149415692821, 10.519117448596889], [38.29611853088481, 10.514800848253856], [38.3207429048414, 10.510379035760126], [38.330419898893304, 10.508611691022965], [38.345367278797994, 10.505848117021582], [38.36999165275459, 10.501204003373587], [38.394616026711184, 10.4849161640554], [38.39563941329841, 10.484081419624218], [38.41924040066778, 10.463772270330983], [38.4238521388897, 10.45955114822547], [38.44386477462437, 10.440167724387903], [38.44887862895573, 10.435020876826723], [38.46848914858097, 10.413646444514068], [38.471229794899116, 10.410490605427976], [38.49131285780892, 10.385960334029228], [38.49311352253756, 10.383338389289127], [38.508452294675756, 10.361430062630482], [38.517737896494154, 10.348278108672897], [38.526441100244995, 10.336899791231733], [38.54236227045075, 10.318137988085873], [38.54770265088547, 10.312369519832986], [38.56698664440734, 10.293409802396642], [38.573219448125776, 10.287839248434238], [38.59161101836394, 10.272755993264651], [38.604410995915885, 10.263308977035493], [38.61623539232053, 10.2552462237357], [38.64085976627713, 10.249700674276077], [38.66548414023372, 10.249789334569979], [38.690108514190314, 10.249872123121351], [38.71473288814691, 10.249949604539424], [38.7393572621035, 10.2500222732934], [38.7639816360601, 10.25009056427603], [38.78860601001669, 10.25015486151389], [38.81323038397329, 10.250215505392894], [38.83785475792988, 10.25027279868619], [38.862479131886474, 10.25032701160977], [38.88710350584307, 10.251743901575033], [38.91172787979967, 10.254750298539513], [38.93635225375626, 10.258020910123781], [38.96097662771285, 10.261592167606716], [38.972059995336636, 10.263308977035491], [38.98560100166945, 10.265507522716808], [39.01022537562604, 10.269819224310421], [39.034849749582634, 10.274590663367832], [39.05947412353923, 10.279899510341057], [39.08409849749582, 10.285841975842624], [39.09176362820219, 10.287839248434238], [39.10872287145242, 10.292538693708712], [39.13334724540901, 10.298480723003728], [39.15797161936561, 10.302328875489941], [39.1825959933222, 10.308107645045963], [39.19524395425397, 10.312369519832986], [39.2072203672788, 10.31775640941814], [39.2316579616787, 10.336899791231733], [39.23184474123539, 10.337119763174236], [39.24632208478754, 10.36143006263048], [39.24172741903658, 10.385960334029228], [39.23184474123539, 10.397121122360714], [39.21968616148189, 10.410490605427976], [39.2072203672788, 10.423800596791423], [39.19641966338088, 10.435020876826723], [39.1825959933222, 10.448977040679964], [39.17182284004876, 10.45955114822547], [39.15797161936561, 10.472773987710415], [39.14577823613284, 10.484081419624218], [39.13334724540901, 10.495301794959591], [39.123574457697515, 10.508611691022965], [39.10872287145242, 10.530627293915414], [39.10740053058569, 10.533141962421713], [39.09552879031631, 10.55767223382046], [39.085256948038456, 10.582202505219207], [39.08409849749582, 10.58519326351968], [39.076282004657486, 10.606732776617955], [39.07409024321323, 10.631263048016702], [39.08409849749582, 10.646910500613508], [39.09015347453947, 10.65579331941545], [39.108476927434744, 10.680323590814197], [39.10872287145242, 10.68063093211401], [39.13332346579273, 10.704853862212945], [39.13334724540901, 10.704876337157238], [39.15797161936561, 10.720731434761834], [39.17046193963057, 10.729384133611692], [39.1825959933222, 10.738224130514551], [39.202712420891864, 10.753914405010438], [39.2072203672788, 10.757621949799633], [39.230971806883225, 10.778444676409187], [39.23184474123539, 10.779254046148415], [39.25593779199291, 10.802974947807932], [39.25646911519199, 10.80353003182299], [39.27815440374147, 10.827505219206682], [39.28109348914858, 10.830966162256255], [39.29805210118887, 10.852035490605427], [39.30571786310517, 10.861823632630209], [39.316784113592306, 10.876565762004176], [39.33034223706177, 10.887281454140602], [39.34940857265188, 10.901096033402922], [39.35496661101836, 10.904873615735692], [39.37959098497496, 10.913857313414702], [39.39411757768299, 10.901096033402922], [39.40421535893155, 10.891492678309522], [39.41866099227418, 10.876565762004176], [39.42823095270237, 10.852035490605427], [39.42883973288815, 10.85025430427533], [39.43635207060338, 10.827505219206682], [39.44394191268892, 10.802974947807932], [39.451050961052175, 10.778444676409187], [39.45346410684474, 10.769749034721851], [39.45772349836542, 10.753914405010438], [39.46399853117859, 10.729384133611692], [39.46991055297931, 10.704853862212945], [39.47549017854641, 10.680323590814197], [39.47808848080133, 10.668409517240802], [39.48076467423196, 10.65579331941545], [39.48575840356099, 10.631263048016702], [39.48391128399185, 10.606732776617955], [39.4796110986382, 10.582202505219207], [39.47808848080133, 10.573776805134125], [39.47511033020551, 10.55767223382046], [39.47039460919776, 10.533141962421713], [39.4654481599934, 10.508611691022965], [39.460253624536804, 10.484081419624218], [39.454791858819505, 10.45955114822547], [39.45346410684474, 10.453772624049506], [39.44904169712235, 10.435020876826723], [39.44297967789895, 10.410490605427974], [39.43657972381634, 10.385960334029228], [39.42883973288815, 10.361495203886149], [39.42881824953808, 10.36143006263048], [39.419412385347535, 10.336899791231733], [39.408885203548714, 10.312369519832986], [39.40421535893155, 10.302350085760148], [39.39702347791501, 10.287839248434238], [39.383556261662676, 10.263308977035491], [39.37959098497496, 10.256668057529408], [39.35496661101836, 10.241173754278874], [39.35057969362026, 10.238778705636744], [39.33034223706177, 10.222242850232664], [39.3242481357635, 10.214248434237996], [39.31233863435787, 10.189718162839249], [39.30571786310517, 10.165956372781032], [39.30554977276086, 10.165187891440501], [39.301163381395114, 10.140657620041754], [39.30571786310517, 10.126982677155741], [39.30904860180311, 10.116127348643007], [39.33034223706177, 10.098547154944821], [39.3393938355589, 10.09159707724426], [39.354966611018355, 10.08029536082898], [39.375859088034204, 10.067066805845512], [39.37959098497496, 10.064809563206676], [39.40421535893155, 10.05396032174573], [39.42883973288815, 10.043352854035614], [39.43075776871789, 10.042536534446764], [39.45346410684475, 10.032979167296553], [39.47808848080133, 10.022831617219007], [39.48998923514999, 10.018006263048017], [39.50271285475793, 10.012902889177624], [39.52733722871452, 10.003185980647523], [39.55196160267112, 9.993674184734108], [39.55248027824553, 9.99347599164927], [39.57658597662771, 9.98436107473497], [39.60121035058431, 9.975240489659246], [39.61787870963703, 9.968945720250522], [39.6258347245409, 9.965963009394455], [39.65045909849749, 9.945328319759108], [39.65146027043152, 9.944415448851775], [39.67508347245409, 9.920891114404004], [39.67600838552861, 9.919885177453027], [39.696735549116504, 9.895354906054282], [39.699707846410675, 9.890746700306075], [39.71176841866732, 9.870824634655532], [39.71255365248382, 9.846294363256785], [39.71333154385654, 9.82176409185804], [39.71410219529115, 9.79723382045929], [39.714865707394026, 9.772703549060545], [39.71562217891616, 9.748173277661795], [39.71637170679567, 9.72364300626305], [39.71711438619918, 9.6991127348643], [39.71785031056216, 9.674582463465555], [39.71857957162811, 9.650052192066806], [39.71930225948664, 9.62552192066806], [39.70551331481046, 9.60099164926931], [39.69970784641068, 9.591660906859342], [39.68965734868736, 9.576461377870565], [39.67508347245409, 9.556338415416826], [39.67167776632387, 9.551931106471818], [39.65111731838523, 9.52740083507307], [39.65045909849749, 9.526669682075894], [39.62737733442216, 9.502870563674321], [39.6258347245409, 9.501397871654552], [39.60298253093054, 9.478340292275576], [39.60121035058431, 9.476418743824317], [39.58186763527954, 9.453810020876826], [39.57658597662771, 9.447099448195466], [39.56345635076399, 9.42927974947808], [39.55196160267112, 9.41219226951042], [39.54725537209619, 9.404749478079331], [39.53288921179624, 9.380219206680586], [39.52741188161129, 9.355688935281837], [39.52733722871452, 9.35513435655201], [39.5241526457651, 9.331158663883091], [39.52097878277623, 9.306628392484342], [39.51788698160759, 9.282098121085596], [39.51487410025392, 9.257567849686847], [39.51193715509119, 9.233037578288101], [39.509073311021254, 9.208507306889352], [39.50627987234334, 9.183977035490607], [39.503554274290686, 9.159446764091857], [39.50271285475793, 9.151751737279124], [39.50089407517628, 9.134916492693112], [39.49794766002663, 9.110386221294362], [39.49469194807938, 9.085855949895617], [39.49132523162979, 9.061325678496868], [39.48784173511906, 9.036795407098122], [39.48423527524742, 9.012265135699373], [39.48049922434569, 8.987734864300627], [39.47808848080133, 8.972360787217088], [39.47662646972614, 8.963204592901878], [39.47260936848805, 8.938674321503132], [39.468439697173764, 8.914144050104385], [39.46410859557756, 8.889613778705638], [39.45402529926518, 8.86508350730689], [39.45346410684474, 8.864359213861661], [39.43339600882354, 8.840553235908143], [39.42883973288815, 8.835660896776043], [39.40878636671564, 8.816022964509395], [39.40421535893155, 8.811934399470754], [39.37959098497496, 8.791990707771388], [39.37659468691408, 8.791492693110648], [39.35496661101836, 8.787964378228418], [39.33034223706177, 8.787166814642056], [39.30571786310517, 8.786376840123015], [39.28109348914858, 8.78559434686567], [39.25646911519199, 8.784819229096666], [39.23184474123539, 8.784051383027256], [39.2072203672788, 8.783290706806966], [39.1825959933222, 8.78253710047857], [39.15797161936561, 8.78179046593429], [39.13334724540901, 8.78105070687323], [39.10872287145242, 8.790544096512285], [39.107207607555374, 8.791492693110648], [39.08409849749582, 8.80693719861037], [39.07174773801301, 8.816022964509395], [39.05947412353923, 8.82570630986637], [39.04223329323104, 8.840553235908143], [39.034849749582634, 8.847408357275782], [39.017284659592065, 8.865083507306892], [39.01022537562604, 8.873590460632416], [38.9969640934041, 8.889613778705638], [38.98560100166945, 8.903517063402106], [38.976478702236705, 8.914144050104385], [38.96097662771285, 8.931199801311724], [38.9538231413085, 8.938674321503132], [38.93635225375626, 8.95596843736259], [38.92863326919401, 8.963204592901878], [38.91172787979966, 8.978260105280523], [38.90045865026549, 8.987734864300627], [38.88710350584307, 8.998428671877988], [38.87052691581454, 9.012265135699373], [38.862479131886474, 9.019090319406596], [38.844880484271386, 9.036795407098122], [38.83785475792988, 9.044464122680944], [38.82351855092743, 9.061325678496868], [38.81323038397329, 9.074549591586678], [38.80502453861533, 9.085855949895617], [38.788857233349624, 9.110386221294362], [38.78860601001669, 9.110975054248025], [38.77881598648935, 9.134916492693112], [38.77556154803838, 9.159446764091857], [38.77239546787042, 9.183977035490607], [38.76931419577727, 9.208507306889352], [38.76631436923204, 9.233037578288101], [38.7639816360601, 9.252571800150639], [38.763392801148825, 9.257567849686847], [38.760546468587826, 9.282098121085596], [38.757772502322126, 9.306628392484342], [38.755068177190154, 9.331158663883091], [38.752430903165774, 9.355688935281837], [38.75038020441751, 9.380219206680586], [38.750285709460854, 9.404749478079331], [38.75019119071888, 9.42927974947808], [38.7500966481826, 9.453810020876826], [38.750002081843036, 9.478340292275576], [38.7499074916912, 9.502870563674321], [38.749812877718085, 9.52740083507307], [38.7497182399147, 9.551931106471816], [38.749623578272036, 9.576461377870565], [38.7495288927811, 9.60099164926931], [38.74937220545416, 9.62552192066806], [38.74631262633946, 9.650052192066806], [38.743147893415184, 9.674582463465555], [38.739872490893724, 9.6991127348643], [38.7393572621035, 9.702894873821586], [38.736480510352024, 9.72364300626305], [38.73296561516187, 9.748173277661795], [38.72932100098212, 9.772703549060545], [38.725539351794424, 9.79723382045929], [38.721612790884976, 9.82176409185804], [38.71753282608097, 9.846294363256785], [38.71473288814691, 9.862591802184369], [38.71329028844074, 9.870824634655532], [38.70263163373811, 9.89535490605428], [38.690108514190314, 9.91735511636483], [38.688526748736294, 9.919885177453027], [38.67134615271861, 9.944415448851775], [38.66548414023373, 9.951717396636422], [38.64996070077563, 9.96894572025052], [38.64085976627713, 9.977834363170068], [38.61623539232053, 9.990796923882842], [38.59161101836394, 9.988701370065774], [38.56698664440734, 9.986731778257514], [38.54236227045075, 9.984877122626433], [38.517737896494154, 9.983127627690681], [38.49311352253756, 9.981474595964501], [38.46848914858097, 9.979910263349243], [38.44386477462437, 9.978427677194645], [38.41924040066778, 9.977020592989588], [38.394616026711184, 9.975683386444295], [38.36999165275459, 9.97172098971725], [38.365370298076925, 9.968945720250522], [38.345367278797994, 9.956234931985612], [38.32832051217744, 9.944415448851775], [38.3207429048414, 9.938837174096419], [38.296982814185036, 9.919885177453027], [38.29611853088481, 9.919150440213732], [38.27149415692821, 9.896691189690024], [38.270130768699964, 9.89535490605428], [38.24686978297162, 9.871085427048852], [38.246630839147855, 9.870824634655532], [38.222245409015024, 9.847328629661433], [38.2210853182573, 9.846294363256783], [38.19762103505843, 9.826784856175811], [38.19105210353803, 9.82176409185804], [38.172996661101834, 9.808835275003123], [38.15523476049857, 9.79723382045929], [38.14837228714524, 9.793017690690531], [38.12374791318865, 9.779352567421803], [38.09912353923206, 9.773511868157167], [38.09571566352996, 9.772703549060545], [38.074499165275455, 9.76767118198477], [38.049874791318864, 9.76183050890457], [38.02525041736227, 9.755989848916524], [38.000626043405674, 9.750149202020586], [37.99229546390505, 9.748173277661795], [37.97600166944908, 9.744308568216711], [37.951377295492485, 9.738467947504859], [37.92675292153589, 9.732627339884981], [37.902128547579295, 9.726786745357039], [37.888874290642995, 9.72364300626305], [37.877504173622704, 9.720946163920981], [37.85287979966611, 9.707692532418104], [37.839118055163716, 9.6991127348643], [37.828255425709514, 9.691913559476369], [37.80436802809201, 9.674582463465555], [37.80363105175292, 9.67401179536864], [37.77900667779632, 9.653527968617219], [37.77515336227681, 9.650052192066806], [37.75438230383973, 9.629860024431823], [37.75024902721447, 9.62552192066806], [37.729757929883135, 9.605026791787546], [37.725416975908864, 9.60099164926931], [37.705133555926544, 9.583480278628533], [37.696302593382896, 9.576461377870565], [37.68050918196995, 9.564716618670985], [37.661693999396356, 9.551931106471816], [37.655884808013354, 9.548222289816142], [37.63126043405676, 9.53360907872027], [37.606636060100165, 9.528215149338468], [37.598852523292734, 9.52740083507307], [37.582011686143574, 9.52565541554775], [37.557387312186975, 9.523143095621146], [37.532762938230384, 9.520676884279332], [37.50813856427379, 9.51825552371888], [37.483514190317194, 9.515877801473202], [37.4588898163606, 9.51354254838812], [37.434265442404005, 9.511248636704948], [37.409641068447414, 9.50899497824448], [37.385016694490815, 9.506780522685766], [37.360392320534224, 9.50688623344148], [37.33576794657763, 9.508599468535607], [37.311143572621035, 9.510358241336673], [37.28651919866445, 9.512164391883868], [37.261894824707845, 9.51401986070363], [37.237270450751254, 9.515926695764307], [37.212646076794655, 9.517887060016484], [37.188021702838064, 9.519903239577413], [37.163397328881466, 9.521977652624578], [37.138772954924875, 9.524112859071197], [37.11414858096828, 9.524999505328008], [37.089524207011685, 9.524216665030686], [37.064899833055094, 9.52340123376878], [37.040275459098496, 9.52255113305134], [37.015651085141904, 9.521664103807383], [36.991026711185306, 9.520737686339414], [36.966402337228715, 9.519769197545823], [36.941777963272116, 9.518755704968012], [36.917153589315525, 9.517693997133513], [36.892529215358934, 9.516580549563336], [36.867904841402336, 9.517027715264689], [36.843280467445744, 9.522699847828274], [36.828727675002554, 9.52740083507307], [36.818656093489146, 9.53157198717619], [36.794031719532555, 9.547416131809218], [36.78936889165877, 9.551931106471816], [36.772670290984, 9.576461377870565], [36.76940734557596, 9.583769495974279], [36.76343670790942, 9.60099164926931], [36.757624832088105, 9.62552192066806], [36.755089099467405, 9.650052192066806], [36.75258609647512, 9.674582463465555], [36.750115193494665, 9.6991127348643], [36.74767577695574, 9.72364300626305], [36.74526724882632, 9.748173277661795], [36.744782971619365, 9.75314331546708], [36.742889026123976, 9.772703549060545], [36.74054054044531, 9.79723382045929], [36.738221237513145, 9.82176409185804], [36.735930576740344, 9.846294363256785], [36.733668030809774, 9.870824634655532], [36.720158597662774, 9.887678403319445], [36.71357889962871, 9.89535490605428], [36.695534223706176, 9.911777497540259], [36.68579955404226, 9.919885177453027], [36.670909849749584, 9.93139395495923], [36.652340940571364, 9.944415448851775], [36.646285475792986, 9.948376808112895], [36.621661101836395, 9.961311059238081], [36.5970367278798, 9.961242093408643], [36.572412353923205, 9.961173085480363], [36.547787979966614, 9.961104035414682], [36.523163606010016, 9.961034943172992], [36.498539232053425, 9.960965808716642], [36.473914858096826, 9.960896632006929], [36.449290484140235, 9.960827413005106], [36.42466611018364, 9.960758151672374], [36.400041736227045, 9.960688847969895], [36.375417362270454, 9.960619501858776], [36.354248439902875, 9.944415448851775], [36.350792988313856, 9.941549120767572], [36.3274616445232, 9.919885177453027], [36.326168614357265, 9.918572871798663], [36.305205691828085, 9.89535490605428], [36.301544240400666, 9.889968066203977], [36.28937740379578, 9.870824634655532], [36.289352321567534, 9.846294363256785], [36.28932724690281, 9.82176409185804], [36.2893021797982, 9.79723382045929], [36.28927712025029, 9.772703549060545], [36.28925206825566, 9.748173277661795], [36.289227023810895, 9.72364300626305], [36.28920198691257, 9.6991127348643], [36.289176957557295, 9.674582463465555], [36.28915193574166, 9.650052192066806], [36.28912692146224, 9.62552192066806], [36.301544240400666, 9.607968142063754], [36.30685940015347, 9.60099164926931], [36.326168614357265, 9.578472306204654], [36.32804016349799, 9.576461377870565], [36.350792988313856, 9.554076375444698], [36.353210001126754, 9.551931106471816], [36.375417362270454, 9.533718693050872], [36.400041736227045, 9.52882524431716], [36.40687752332725, 9.52740083507307], [36.42466611018364, 9.523549245158378], [36.449290484140235, 9.517844011367623], [36.473914858096826, 9.511654940553194], [36.498539232053425, 9.504917759031386], [36.505613296525055, 9.502870563674321], [36.523163606010016, 9.497556281367977], [36.547787979966614, 9.489479516829126], [36.572412353923205, 9.480577889296026], [36.57823039657514, 9.478340292275576], [36.5970367278798, 9.470718236700506], [36.621661101836395, 9.459737104102507], [36.63778157565987, 9.453810020876826], [36.646285475792986, 9.449870700001604], [36.670909849749584, 9.433016111322726], [36.67455476090294, 9.42927974947808], [36.690664600252816, 9.404749478079331], [36.695534223706176, 9.392992503519208], [36.699655913075766, 9.380219206680586], [36.695534223706176, 9.374057005321081], [36.683435816207734, 9.355688935281837], [36.670909849749584, 9.34267011844387], [36.65937956000545, 9.331158663883091], [36.64628547579299, 9.318602493089166], [36.63308693365714, 9.306628392484342], [36.621661101836395, 9.296511445241148], [36.60523045904346, 9.282098121085596], [36.5970367278798, 9.274379727382708], [36.58048203937204, 9.257567849686847], [36.572412353923205, 9.24871952189661], [36.55907624285431, 9.233037578288101], [36.547787979966614, 9.218613909121302], [36.54037870670421, 9.208507306889352], [36.5239060369516, 9.183977035490607], [36.523163606010016, 9.182798143814269], [36.50928342000647, 9.159446764091857], [36.498539232053425, 9.139477444324639], [36.49621575684881, 9.134916492693112], [36.477884637521434, 9.110386221294362], [36.473914858096826, 9.106314686996447], [36.45226803538804, 9.085855949895617], [36.449290484140235, 9.083252267385262], [36.42466611018364, 9.063399153022925], [36.4218802399746, 9.061325678496868], [36.400041736227045, 9.046129024736944], [36.385251386880185, 9.036795407098122], [36.375417362270454, 9.030968583334934], [36.350792988313856, 9.02741705566591], [36.326168614357265, 9.024143134656068], [36.301544240400666, 9.020959788025623], [36.276919866444075, 9.017863308391195], [36.25229549248748, 9.014850187979697], [36.23062757615515, 9.012265135699373], [36.227671118530886, 9.01191710537266], [36.20304674457429, 9.009060913293064], [36.178422370617696, 9.006278627340219], [36.153797996661105, 9.003567415587987], [36.129173622704506, 9.000924588970078], [36.104549248747915, 9.000476659641576], [36.07992487479132, 9.000468731461405], [36.055300500834726, 9.000460804283048], [36.03067612687813, 9.000452878106312], [36.006051752921536, 9.00044495293101], [35.98142737896494, 9.000437028756952], [35.95680300500835, 9.000429105583947], [35.932178631051755, 9.000421183411806], [35.90755425709516, 9.00041326224034], [35.882929883138566, 9.00040534206936], [35.85830550918197, 9.00215012856909], [35.833681135225376, 9.004781589522807], [35.80905676126878, 9.007479770660272], [35.78443238731219, 9.010247242079696], [35.766867581451, 9.012265135699373], [35.759808013355595, 9.0130867075984], [35.735183639399, 9.016001013563978], [35.710559265442406, 9.018993158371474], [35.68593489148581, 9.022066302753482], [35.661310517529216, 9.02522378091738], [35.63668614357262, 9.028469112612218], [35.61338919294312, 9.036795407098124], [35.61206176961603, 9.037287520795923], [35.587437395659435, 9.0523733234179], [35.57412907679606, 9.061325678496868], [35.56281302170284, 9.069436826752717], [35.54181885465276, 9.085855949895617], [35.538188647746246, 9.088894216515829], [35.514488204163804, 9.110386221294362], [35.51356427378965, 9.111318893884189], [35.490531409962614, 9.134916492693112], [35.488939899833056, 9.136505776842439], [35.46431552587646, 9.159252930831354], [35.46408966220623, 9.159446764091857], [35.43969115191987, 9.179008294033038], [35.432942349205184, 9.183977035490607], [35.415066777963276, 9.196325683665771], [35.39571068543577, 9.208507306889352], [35.39044240400668, 9.21163017000302], [35.365818030050086, 9.222532701112854], [35.34119365609349, 9.228380960691341], [35.32158925354023, 9.233037578288101], [35.316569282136896, 9.234230052837487], [35.2919449081803, 9.240079977729094], [35.26732053422371, 9.245930735544011], [35.24269616026711, 9.251782326460143], [35.21835325574379, 9.257567849686847], [35.21807178631052, 9.257634750655443], [35.193447412353926, 9.263488008307915], [35.16882303839733, 9.269342099595615], [35.14419866444074, 9.275197024696643], [35.12217936455516, 9.282098121085596], [35.11957429048414, 9.282925695967041], [35.09494991652755, 9.298430600218985], [35.08311653993783, 9.306628392484342], [35.07032554257095, 9.316111353810992], [35.051777837942474, 9.331158663883091], [35.04570116861436, 9.336460534296187], [35.025410962649744, 9.355688935281837], [35.021076794657766, 9.360312669766206], [35.003316840851504, 9.380219206680586], [34.99645242070117, 9.38868902118781], [34.982712334558, 9.404749478079331], [34.97182804674458, 9.416692628257486], [34.95968146600579, 9.42927974947808], [34.94720367278798, 9.441463833460814], [34.93376883306834, 9.453810020876826], [34.92257929883139, 9.463531763547595], [34.904397462293694, 9.478340292275576], [34.89795492487479, 9.48331603381903], [34.8733305509182, 9.50115708726774], [34.87087862665208, 9.502870563674321], [34.8487061769616, 9.51916689505384], [34.83823729116164, 9.52740083507307], [34.824081803005015, 9.539141724466681], [34.80961039254856, 9.551931106471816], [34.79945742904842, 9.561421733136672], [34.78430025219647, 9.576461377870565], [34.77483305509182, 9.586430397610847], [34.76176200708046, 9.60099164926931], [34.75020868113523, 9.6146807365438], [34.74151047361667, 9.62552192066806], [34.72558430717863, 9.642570919167373], [34.71802810490611, 9.650052192066806], [34.70095993322204, 9.665688811828794], [34.690393835413005, 9.674582463465555], [34.67633555926544, 9.685593076615314], [34.65739973675922, 9.6991127348643], [34.65171118530885, 9.702910257106556], [34.62708681135226, 9.71811396398109], [34.60246243739566, 9.719317405246422], [34.57783806343907, 9.719317230636026], [34.55321368948247, 9.719317056025238], [34.52858931552588, 9.719316881414061], [34.50396494156928, 9.719316706802491], [34.47934056761269, 9.719316532190529], [34.4547161936561, 9.719316357578174], [34.4300918196995, 9.719316182965429], [34.40546744574291, 9.719316008352292], [34.38084307178631, 9.719315833738763], [34.35621869782972, 9.708006010209854], [34.34263029639966, 9.6991127348643], [34.33159432387312, 9.6913982703814], [34.309665733357846, 9.674582463465555], [34.30696994991653, 9.672364210381591], [34.28234557595993, 9.650330216347072], [34.28205782824156, 9.650052192066807], [34.258599028190325, 9.62552192066806], [34.25772120200334, 9.624363482252758], [34.23920231214301, 9.60099164926931], [34.23309682804675, 9.593706539495576], [34.217909739010736, 9.576461377870565], [34.20847245409015, 9.566331847152798], [34.194337695802304, 9.551931106471816], [34.18384808013356, 9.541798783290243], [34.168099439186264, 9.52740083507307], [34.15922370617696, 9.519686717050297], [34.138715492956564, 9.502870563674321], [34.13459933222037, 9.499654132212209], [34.10997495826377, 9.478512259046823], [34.10979686628448, 9.478340292275576], [34.09359324261777, 9.461410186482503], [34.094160000000045, 9.454720000000066], [34.094990000000166, 9.453890000000172], [34.09777000000014, 9.419720000000154], [34.10055000000011, 9.385280000000023], [34.12990603800006, 9.018755721000105], [34.13335735400017, 8.97566437100005], [34.13440686100006, 8.9625607750001], [34.13499000000007, 8.95528000000013], [34.13000000000005, 8.805830000000185], [34.12513534700014, 8.675343279999993], [34.124368289000074, 8.654768148000073], [34.12424570300004, 8.651479982000126], [34.12360000000018, 8.634160000000065], [34.1228000000001, 8.584650000000067], [34.12166000000008, 8.579580000000135], [34.10555000000011, 8.557780000000093], [34.09723750800015, 8.549532150000175], [34.070830000000115, 8.523330000000044], [34.04987434100019, 8.504072541000141], [34.048365011000044, 8.502685523000139], [34.002220000000136, 8.460280000000068], [33.97076000000004, 8.43757000000005], [33.91528000000005, 8.430550000000096], [33.88152000000008, 8.430830000000185], [33.8524900000001, 8.42583000000019], [33.82403200500016, 8.413772242000107], [33.81874000000005, 8.411530000000027], [33.792937422000136, 8.387443445000088], [33.791562247000115, 8.386159726000187], [33.789720000000045, 8.38444000000004], [33.77869253800014, 8.374431932999983], [33.77373616600005, 8.369933736000064], [33.77133000000009, 8.367750000000001], [33.76583246700005, 8.368467836999969], [33.73544344800018, 8.372435864000124], [33.71527000000009, 8.375070000000107], [33.691453427000056, 8.394678562000024], [33.69048000000009, 8.395480000000077], [33.68847192300012, 8.399556915000176], [33.68028425700015, 8.41617999600004], [33.677052997000146, 8.42274029000015], [33.67583744300015, 8.425208179000151], [33.6699900000001, 8.437080000000037], [33.64094083500004, 8.461602976000108], [33.63437000000005, 8.46715000000006], [33.62412526900016, 8.467073346999996], [33.61463858500019, 8.467002366000088], [33.564721618000135, 8.466628877000005], [33.56455081500013, 8.466627599000105], [33.50861000000015, 8.466200000000129], [33.484972616000164, 8.460968624000031], [33.480993390000094, 8.460087950000172], [33.47905601999997, 8.458720984000024], [33.47668777100006, 8.456970924000188], [33.475632740000094, 8.456191290000163], [33.47327267600019, 8.45584073800012], [33.47151578600017, 8.456608566000057], [33.47044969700016, 8.45775444200018], [33.45495370800006, 8.454324902999986], [33.43003976000017, 8.448811000000035], [33.403566695999984, 8.442952038000044], [33.38083000000012, 8.437920000000076], [33.37019740300008, 8.441017407000118], [33.343195241000046, 8.448883471000102], [33.32673000000011, 8.45368000000002], [33.32064972700016, 8.454435343000114], [33.30391724900005, 8.456513994000034], [33.27678563200004, 8.459884515000113], [33.26928050700013, 8.46081686499997], [33.26354000000009, 8.461530000000096], [33.22135287700013, 8.433307733999982], [33.21603216000017, 8.42974829000002], [33.17125000000016, 8.399790000000166], [33.16083000000009, 8.35653000000002], [33.165830000000085, 8.278330000000096], [33.17805000000004, 8.222500000000082], [33.179597846000036, 8.20633120000008], [33.18291382400014, 8.171692500000006], [33.1839158140001, 8.161225717000036], [33.18427580800005, 8.157465227000102], [33.18591604200003, 8.140331342000081], [33.18592000000018, 8.14029000000005], [33.175452968000116, 8.128855389000137], [33.164586566000025, 8.11698449100004], [33.162770000000194, 8.115000000000066], [33.15402873099998, 8.11203696500013], [33.121380000000045, 8.100970000000075], [33.11869150100006, 8.097856464000017], [33.115344679668276, 8.093980527450183], [33.115457881695846, 8.080114822546973], [33.11566347844555, 8.055584551148225], [33.1158746179744, 8.03105427974948], [33.11609152749068, 8.00652400835073], [33.11631444679293, 7.981993736951985], [33.11654362915425, 7.957463465553237], [33.116779342282285, 7.932933194154488], [33.117021869362354, 7.908402922755743], [33.11727151019241, 7.883872651356994], [33.11810138162325, 7.859342379958247], [33.119392248211355, 7.834812108559499], [33.12088136411482, 7.810281837160752], [33.122618198253946, 7.785751565762005]], [[45.53568447412354, 6.092515419627867], [45.511060100166944, 6.09281021187477], [45.48643572621035, 6.093100644772772], [45.48643572621036, 6.093100644772772], [45.48111479556224, 6.093162839248434], [45.461811352253754, 6.093386814310355], [45.43718697829716, 6.093668813678443], [45.412562604340565, 6.093946733371579], [45.38793823038397, 6.094220661284749], [45.36331385642738, 6.106097369135419], [45.35259067563838, 6.117693110647181], [45.36174589782291, 6.142223382045929], [45.36331385642738, 6.143863841489559], [45.38793823038398, 6.155596904277557], [45.412562604340565, 6.155641412673335], [45.43718697829716, 6.155685903332912], [45.461811352253754, 6.1557303762668845], [45.48643572621035, 6.155774831485845], [45.511060100166944, 6.155819269000378], [45.53568447412354, 6.1558636888210545], [45.56030884808013, 6.155908090958442], [45.584933222036724, 6.155952475423097], [45.60955759599332, 6.155996842225569], [45.63418196994991, 6.147575315082284], [45.63974940303065, 6.142223382045929], [45.65058163752705, 6.117693110647181], [45.634181969949914, 6.099958024297644], [45.61436564437166, 6.093162839248434], [45.60955759599332, 6.091603882690215], [45.584933222036724, 6.091912358506161], [45.56030884808013, 6.092216169140248], [45.53568447412354, 6.092515419627867]], [[40.90630217028381, 13.330163111798392], [40.90548477542663, 13.329592901878915], [40.88167779632721, 13.317083420958571], [40.86615498720041, 13.329592901878915], [40.85705342237062, 13.336812133950414], [40.844223438723276, 13.35412317327766], [40.83242904841402, 13.37392402315614], [40.829716488379816, 13.37865344467641], [40.828280700314835, 13.403183716075159], [40.82675254328284, 13.427713987473904], [40.825122807434866, 13.452244258872652], [40.82338101644563, 13.476774530271399], [40.82151520206644, 13.501304801670146], [40.81951162874171, 13.525835073068894], [40.81735445489003, 13.550365344467641], [40.8150253131782, 13.57489561586639], [40.812502786247535, 13.599425887265138], [40.809761746195164, 13.623956158663884], [40.824406388498694, 13.648486430062631], [40.83242904841402, 13.657655307402255], [40.850718039093394, 13.673016701461378], [40.85705342237062, 13.677097075006749], [40.88167779632721, 13.679948732277099], [40.88835616841556, 13.673016701461378], [40.90630217028381, 13.651434788004853], [40.90846913455373, 13.648486430062631], [40.923839421732865, 13.623956158663884], [40.92510290335298, 13.599425887265136], [40.92643492504011, 13.574895615866389], [40.92784121942099, 13.55036534446764], [40.929328176752165, 13.525835073068894], [40.930902942006114, 13.501304801670146], [40.9309265442404, 13.500947844857993], [40.932573529679836, 13.476774530271399], [40.93434896021918, 13.452244258872652], [40.93623942296026, 13.427713987473904], [40.93825647180279, 13.403183716075157], [40.940413261552116, 13.37865344467641], [40.9309265442404, 13.356373828845436], [40.9297019433151, 13.354123173277662], [40.90630217028381, 13.330163111798392]]]]}}]}